"K_SGH";"V_SGHNAVN";"K_FRADTO";"D_TILDTO";"D_AJODTO";"C_INSTART";"C_SGHTYPE"
"1313";"JUELSMINDE, KYSTHOSPITALET";"1976-04-01";"1976-12-31";"1976-04-01";;
"4212";"ODENSE GERIATRISKE AFDELING";"1976-04-01";"1976-12-31";"1976-04-01";;
"5006";"ÅBENRÅ, SCT. ANSGAR HOSPITAL";"1976-04-01";"1976-12-31";"1976-04-01";;
"7015";"ÅRHUS KOMMUNES GERIATRISKE AFD";"1976-04-01";"1976-12-31";"1976-04-01";;
"6010";"KOLDING, SCT. HEDVIGS HOSPITAL";"1976-04-01";"1976-12-31";"1976-04-01";;
"1503";"KØBENHAVNS AMTS SYGEHUS, SCT.";"1976-04-01";"1977-12-31";"1976-04-01";"103";"1"
"1504";"LYNGBY, KØBENHAVNS AMTS SYGEHU";"1976-04-01";"1977-12-31";"1976-04-01";"119";"1"
"1507";"GENTOFTE, NIELS STEENSENS HOSP";"1976-04-01";"1977-12-31";"1976-04-01";"119";"2"
"1508";"KLAMPENBORG, HVIDØRE HOSPITAL";"1976-04-01";"1977-12-31";"1976-04-01";"119";"2"
"1510";"GENTOFTE, MONTEBELLO DAG- OG N";"1976-04-01";"1977-12-31";"1976-04-01";"124";"2"
"1401";"FREDERIKSBERG HOSPITAL";"1976-04-01";"1977-12-31";"1976-04-01";"101";"1"
"1402";"FREDERIKSBERG, DIAKONISSESTIFT";"1976-04-01";"1977-12-31";"1976-04-01";"102";"2"
"1505";"GENTOFTE, SANKT LUKASSTIFTELSE";"1976-04-01";"1977-12-31";"1976-04-01";"102";"2"
"1516";"HERLEV, KØBENHAVNS AMTS SYGEHU";"1976-04-01";"1977-12-31";"1976-04-01";"102";"1"
"1311";"KØBENHAVN, BØRNEHOSPITALET PÅ";"1976-04-01";"1977-12-31";"1976-04-01";"119";"1"
"1312";"KØBENHAVN, VINTERSBØLLE HOSPIT";"1976-04-01";"1977-12-31";"1976-04-01";"111";"2"
"1315";"KØBENHAVN, PSYK. PLEJEHOSP. BR";"1976-04-01";"1977-12-31";"1976-04-01";"123";"1"
"1317";"KØBENHAVN, PSYK. PLEJEHOSP. SU";"1976-04-01";"1977-12-31";"1976-04-01";"123";"1"
"1325";"KØBENHAVN, NØRRE HOSPITAL";"1976-04-01";"1977-12-31";"1976-04-01";;
"1302";"KØBENHAVN, FINSENINSTITUTET";"1976-04-01";"1977-12-31";"1976-04-01";"102";"3"
"1303";"KØBENHAVN, KOMMUNEHOSPITALET";"1976-04-01";"1977-12-31";"1976-04-01";"101";"1"
"1306";"KØBENHAVN, RUDOLPH BERGHS HOSP";"1976-04-01";"1977-12-31";"1976-04-01";"119";"1"
"1307";"KØBENHAVN, SUNDBY HOSPITAL";"1976-04-01";"1977-12-31";"1976-04-01";"102";"1"
"1310";"KØBENHAVN, SØNDERBRO HOSPITAL";"1976-04-01";"1977-12-31";"1976-04-01";"103";"1"
"1316";"KØBENHAVN, PSYK. PLEJEHOSP. RI";"1976-04-01";"1977-12-31";"1976-04-01";"123";"1"
"1318";"KØBENHAVN, PSYK. PLEJEHOSP. HE";"1976-04-01";"1977-12-31";"1976-04-01";"123";"1"
"3004";"RINGSTED SYGEHUS";"1976-04-01";"1977-12-31";"1976-04-01";"103";"1"
"3011";"DIANALUND, KOLONIEN FILADELFIA";"1976-04-01";"1977-12-31";"1976-04-01";"119";"2"
"3015";"SORØ, ORTOPÆD-KIRURGISK SYGEHU";"1976-04-01";"1977-12-31";"1976-04-01";"119";"1"
"3504";"MARIBO, AMTSSYGEHUSET I";"1976-04-01";"1977-12-31";"1976-04-01";"103";"1"
"3505";"NAKSKOV, AMTSSYGEHUSET I";"1976-04-01";"1977-12-31";"1976-04-01";"103";"1"
"3511";"STEGE, AMTSPLEJEHJEMMET";"1977-01-01";"1977-12-31";"1977-01-01";"122";"1"
"4005";"ÅKIRKEBY SYGEHUS";"1976-04-01";"1977-12-31";"1976-04-01";"104";"1"
"4205";"RINGE SYGEHUS";"1976-04-01";"1977-12-31";"1976-04-01";"111";"1"
"4208";"ÆRØSKØBING SYGEHUS";"1976-04-01";"1977-12-31";"1976-04-01";"104";"1"
"4210";"ASSENS SYGEHUS";"1976-04-01";"1977-12-31";"1976-04-01";"104";"1"
"2502";"KØGE, AMTSSYGEHUSET I";"1976-04-01";"1977-12-31";"1976-04-01";"103";"1"
"3003";"KALUNDBORG SYGEHUS";"1976-04-01";"1977-12-31";"1976-04-01";"103";"1"
"3005";"SÆBY PR. HØNG, SYGEHUSET I";"1976-04-01";"1977-12-31";"1976-04-01";"104";"1"
"3006";"NYKØBING SJÆLLAND SYGEHUS";"1976-04-01";"1977-12-31";"1976-04-01";"104";"1"
"3007";"HASLEV SYGEHUS";"1976-04-01";"1977-12-31";"1976-04-01";"104";"1"
"3008";"SKÆLSKØR SYGEHUS";"1976-04-01";"1977-12-31";"1976-04-01";"104";"1"
"3009";"SKÆLSKØR, ANDELSFORENINGERNES";"1976-04-01";"1977-12-31";"1976-04-01";"119";"2"
"5004";"ÅBENRÅ SYGEHUS";"1976-04-01";"1977-12-31";"1976-04-01";"102";"1"
"6006";"HORSENS SYGEHUS";"1976-04-01";"1977-12-31";"1976-04-01";"102";"1"
"6011";"VEJLEFJORD, JYSK NERVESANATORI";"1976-04-01";"1977-12-31";"1976-04-01";"124";"2"
"2003";"HØRSHOLM, FREDERIKSBORG AMTS S";"1976-04-01";"1977-12-31";"1976-04-01";"103";"1"
"2006";"HELSINGØR, FREDERIKSBORG AMTS";"1976-04-01";"1977-12-31";"1976-04-01";"103";"1"
"8007";"DRONNINGLUND SYGEHUS";"1976-04-01";"1977-12-31";"1976-04-01";"103";"1"
"8011";"NIBE SYGEHUS";"1976-04-01";"1977-12-31";"1976-04-01";"104";"1"
"8013";"TERNDRUP SYGEHUS";"1976-04-01";"1977-12-31";"1976-04-01";"104";"1"
"1327";"KØBENHAVN, SCT. JOSEPHS HOSPIT";"1979-01-01";"1979-12-31";"1979-01-01";"119";"1"
"2002";"ESBØNDERUP, FREDERIKSBORG AMTS";"1976-04-01";"1977-12-31";"1976-04-01";"111";"1"
"2004";"FREDERIKSVÆRK, FREDERIKSBORG A";"1976-04-01";"1977-12-31";"1976-04-01";"104";"1"
"8005";"FARSØ SYGEHUS";"1976-04-01";"1977-12-31";"1976-04-01";"103";"1"
"8008";"FREDERIKSHAVN SYGEHUS";"1976-04-01";"1977-12-31";"1976-04-01";"103";"1"
"8009";"BROVST SYGEHUS";"1976-04-01";"1977-12-31";"1976-04-01";"104";"1"
"8014";"SKAGEN SYGEHUS";"1976-04-01";"1977-12-31";"1976-04-01";"104";"1"
"8017";"SKØRPING HOSPITAL";"1976-04-01";"1977-12-31";"1976-04-01";"111";"2"
"2005";"FREDERIKSSUND, FREDERIKSBORG A";"1976-04-01";"1977-12-31";"1976-04-01";"103";"1"
"2007";"HORNBÆK, FYSIURGISK HOSPITAL";"1976-04-01";"1977-12-31";"1976-04-01";"111";"2"
"2008";"HELSINGØR, MONTEBELLO NEUROSEH";"1976-04-01";"1977-12-31";"1976-04-01";"124";"2"
"5002";"HADERSLEV SYGEHUS";"1976-04-01";"1977-12-31";"1976-04-01";"102";"1"
"7002";"SILKEBORG CENTRALSYGEHUS";"1976-04-01";"1977-12-31";"1976-04-01";"102";"1"
"7006";"SKANDERBORG SYGEHUS";"1976-04-01";"1977-12-31";"1976-04-01";"103";"1"
"7007";"ÅRHUS, MARSELISBORG HOSPITAL";"1976-04-01";"1977-12-31";"1976-04-01";"103";"1"
"7008";"ODDER SYGEHUS";"1976-04-01";"1977-12-31";"1976-04-01";"103";"1"
"7009";"GRENÅ SYGEHUS";"1976-04-01";"1977-12-31";"1976-04-01";"103";"1"
"7011";"ØRSTED SYGEHUS";"1976-04-01";"1977-12-31";"1976-04-01";"104";"1"
"7012";"EBELTOFT SYGEHUS";"1976-04-01";"1977-12-31";"1976-04-01";"104";"1"
"7013";"TRANEBJERG SYGEHUS";"1976-04-01";"1977-12-31";"1976-04-01";"104";"1"
"7020";"ÅRHUS, SCT. JOSEPHS HOSPITAL";"1977-01-01";"1977-12-31";"1977-01-01";"139";"1"
"5003";"TØNDER SYGEHUS";"1976-04-01";"1977-12-31";"1976-04-01";"103";"1"
"5007";"GRÅSTEN, KONG CHR.X'S GIGTHOSP";"1976-04-01";"1977-12-31";"1976-04-01";"119";"2"
"5502";"RIBE SYGEHUS";"1976-04-01";"1977-12-31";"1976-04-01";"103";"1"
"5503";"VARDE SYGEHUS";"1976-04-01";"1977-12-31";"1976-04-01";"102";"1"
"5504";"GRINDSTED SYGEHUS";"1976-04-01";"1977-12-31";"1976-04-01";"103";"1"
"6002";"BRÆDSTRUP SYGEHUS";"1976-04-01";"1977-12-31";"1976-04-01";"103";"1"
"6003";"FREDERICIA SYGEHUS";"1976-04-01";"1977-12-31";"1976-04-01";"102";"1"
"6007";"KOLDING SYGEHUS";"1976-04-01";"1977-12-31";"1976-04-01";"102";"1"
"6009";"VEJLE, SCT. MARIA HOSPITAL";"1976-04-01";"1977-12-31";"1976-04-01";"119";"1"
"7604";"NYKØBING MORS SYGEHUS";"1976-04-01";"1977-12-31";"1976-04-01";"103";"1"
"3013";"HOLBÆK, SYGEHJEMMET I";"1976-04-01";"1977-12-31";"1976-04-01";"122";"1"
"3014";"SORØ, SYGEHJEMMET I";"1976-04-01";"1977-12-31";"1976-04-01";"122";"1"
"3016";"KORSØR SYGEHUS";"1976-04-01";"1977-12-31";"1976-04-01";"111";"1"
"3503";"FAKSE, AMTSSYGEHUSET I";"1976-04-01";"1977-12-31";"1976-04-01";"103";"1"
"3506";"STEGE, AMTSSYGEHUSET I";"1976-04-01";"1977-12-31";"1976-04-01";"104";"1"
"3508";"PRÆSTØ FORSORGSC. EVENSØLUND";"1976-04-01";"1977-12-31";"1976-04-01";;
"4002";"NEXØ SYGEHUS";"1976-04-01";"1977-12-31";"1976-04-01";"104";"1"
"4003";"ALLINGE SYGEHUS";"1976-04-01";"1977-12-31";"1976-04-01";;
"4004";"SVANEKE SYGEHUS";"1976-04-01";"1977-12-31";"1976-04-01";"104";"1"
"4203";"NYBORG SYGEHUS";"1976-04-01";"1977-12-31";"1976-04-01";"103";"1"
"4204";"FÅBORG SYGEHUS";"1976-04-01";"1977-12-31";"1976-04-01";"103";"1"
"4206";"MIDDELFART SYGEHUS";"1976-04-01";"1977-12-31";"1976-04-01";"103";"1"
"4207";"RUDKØBING SYGEHUS";"1976-04-01";"1977-12-31";"1976-04-01";"104";"1"
"4209";"BOGENSE SYGEHUS";"1976-04-01";"1977-12-31";"1976-04-01";"104";"1"
"7010";"HAMMEL NEUROCENTER";"1976-04-01";"1977-12-31";"1999-09-01";"111";"1"
"7014";"ÅRHUS, ORTOPÆDISK HOSPITAL";"1976-04-01";"1977-12-31";"1976-04-01";"119";"1"
"7602";"SKIVE SYGEHUS";"1976-04-01";"1977-12-31";"1976-04-01";"102";"1"
"7603";"THISTED SYGEHUS";"1976-04-01";"1977-12-31";"1976-04-01";"102";"1"
"7605";"KJELLERUP SYGEHUS";"1976-04-01";"1977-12-31";"1976-04-01";"103";"1"
"7609";"HALD, FYSIURGISK HOSPITAL";"1976-04-01";"1977-12-31";"1976-04-01";"111";"2"
"8004";"HOBRO SYGEHUS";"1976-04-01";"1977-12-31";"1976-04-01";"103";"1"
"6503";"TARM AMTSSYGEHUS";"1976-04-01";"1977-12-31";"1976-04-01";"103";"1"
"8006";"BRØNDERSLEV SYGEHUS";"1976-04-01";"1977-12-31";"1976-04-01";"103";"1"
"1327";"KØBENHAVN, SCT. JOSEPHS HOSPIT";"1976-04-01";"1978-12-31";"1976-04-01";"102";"2"
"1328";"KØBENHAVN ORTOPÆDISK HOSPITAL";"1976-04-01";"1978-12-31";"1976-04-01";"119";"2"
"7608";"VIBORG SYGEHUS ØST";"1976-04-01";"1978-12-31";"1976-04-01";"121";"1"
"8018";"ÅLBORG KOMMUNES GERIATRISKE AF";"1976-04-01";"1980-12-31";"1976-04-01";"450";"1"
"7607";"KOLDBY SYGEHUS";"1976-04-01";"1980-12-31";"1976-04-01";"139";"1"
"1510";"GENTOFTE, MONTEBELLO DAG- OG N";"1978-01-01";"1981-12-31";"1978-01-01";"121";"2"
"2007";"HORNBÆK, FYSIURGISK HOSPITAL";"1978-01-01";"1981-12-31";"1978-01-01";"106";"2"
"2008";"HELSINGØR, MONTEBELLO NEUROSEH";"1978-01-01";"1981-12-31";"1978-01-01";"121";"2"
"1513";"GLOSTRUP, JOHN F. KENNEDY-INST";"1976-04-01";"1982-12-31";"1976-04-01";"420";"2"
"1304";"KØBENHAVN, ØRESUNDSHOSPITALET";"1976-04-01";"1982-12-31";"1976-04-01";"106";"1"
"1312";"KØBENHAVN, VINTERSBØLLE HOSPIT";"1978-01-01";"1982-12-31";"1978-01-01";"106";"2"
"1326";"KØBENHAVN, SUNDHOLMS SYGEAFDEL";"1976-04-01";"1982-12-31";"1976-04-01";"139";"1"
"1327";"KØBENHAVN, SCT. JOSEPHS HOSPIT";"1980-01-01";"1982-12-31";"1980-01-01";"119";"1"
"1306";"KØBENHAVN, RUDOLPH BERGHS HOSP";"1978-01-01";"1982-12-31";"1978-01-01";"106";"1"
"1324";"KØBENHAVN, DE GAMLES BY";"1976-04-01";"1982-12-31";"1976-04-01";"450";"1"
"1331";"KØBENHAVN, ALKO-AMB. FORCHHAMM";"1976-04-01";"1982-12-31";"1976-04-01";"133";"2"
"3012";"SLAGELSE, FORSORGSCENTRET ANDE";"1976-04-01";"1982-12-31";"1976-04-01";"420";"3"
"4005";"ÅKIRKEBY SYGEHUS";"1978-01-01";"1982-12-31";"1978-01-01";"106";"1"
"3007";"HASLEV SYGEHUS";"1978-01-01";"1982-12-31";"1978-01-01";"105";"1"
"3009";"SKÆLSKØR, ANDELSFORENINGERNES";"1978-01-01";"1982-12-31";"1978-01-01";"106";"2"
"2005";"FREDERIKSSUND, FREDERIKSBORG A";"1978-01-01";"1982-12-31";"1978-01-01";"104";"1"
"2009";"BIRKERØD, FORSORGSCENTRET EBBE";"1976-04-01";"1982-12-31";"1976-04-01";"420";"3"
"5507";"RIBE, FORSORGSCENTRET";"1976-04-01";"1982-12-31";"1976-04-01";"420";"3"
"4214";"NYBORG, FORSORGSCENTRET";"1976-04-01";"1982-12-31";"1976-04-01";"420";"3"
"7021";"BEHANDLINGSINSTITUTTET, RY";"1981-01-01";"1982-12-31";"1981-01-01";"132";"2"
"9704";"TORSHAVN, DR. ALEXANDRINES HOS";"1976-04-01";"1982-12-31";"1976-04-01";"121";"1"
"7609";"HALD, FYSIURGISK HOSPITAL";"1978-01-01";"1982-12-31";"1978-01-01";"106";"2"
"2002";"ESBØNDERUP, FREDERIKSBORG AMTS";"1978-01-01";"1985-12-31";"1978-01-01";"106";"1"
"2005";"FREDERIKSBORG AMTS SYGEHUS,VES";"1983-01-01";"1985-12-31";"1983-01-01";"104";"1"
"2008";"HELSINGØR, FREDERIKSBORG AMTS";"1982-01-01";"1985-12-31";"1982-01-01";"121";"1"
"2009";"BIRKERØD,FORSORGSC. SVANEPARKE";"1983-01-01";"1985-12-31";"1983-01-01";"420";"3"
"5508";"RIBELUND SYGEAFDELING";"1980-01-01";"1985-12-31";"1980-01-01";"119";"1"
"3017";"DIANALUND, PSYKIATRIHOSPITAL";"1985-01-01";"1985-12-31";"1985-01-01";"121";"1"
"4215";"MIDDELFART, DR. ALEXANDRINES G";"1985-01-01";"1985-12-31";"1985-01-01";"139";"2"
"7606";"VESTERVIG SYGEHUS";"1976-04-01";"1985-12-31";"1976-04-01";"139";"1"
"8006";"BRØNDERSLEV SYGEHUS";"1978-01-01";"1985-12-31";"1978-01-01";"104";"1"
"8020";"BRØNDERSLEV PSYKIATRISKE SYGEH";"1976-04-01";"1985-12-31";"1976-04-01";"121";"1"
"8021";"HAMMER BAKKER, INSTITUTIONERNE";"1976-04-01";"1985-12-31";"1976-04-01";"420";"3"
"1334";"DIAKONISSESTIFTELSEN, KBH.KOM.";"1986-11-18";"1986-11-23";"1986-11-18";"450";"1"
"1335";"SKODSBORG BAD KBH. KOM.";"1986-11-18";"1986-11-23";"1986-11-18";"450";"1"
"3511";"STEGE, AMTSPLEJEHJEMMET";"1978-01-01";"1986-12-31";"1978-01-01";"121";"1"
"6505";"LEMVIG, AMTSSYGEHUSET I";"1976-04-01";"1986-12-31";"1976-04-01";"104";"1"
"7020";"ÅRHUS, SCT. JOSEPHS HOSPITAL";"1978-01-01";"1986-12-31";"1978-01-01";"106";"1"
"7022";"EBELTOFT, RÅMOSEGÅRD PLEJEHJEM";"1982-01-01";"1986-12-31";"1982-01-01";"121";"1"
"7023";"RANDERS PLEJEHJEM";"1982-01-01";"1986-12-31";"1982-01-01";"121";"1"
"7024";"GRENÅ, DALSTRUP PLEJEHJEM";"1982-01-01";"1986-12-31";"1982-01-01";"121";"1"
"7026";"SKEJBY SYGEHUS";"1985-01-01";"1986-12-31";"1985-01-01";"101";"1"
"7609";"HALD, FYSIURGISK HOSPITAL";"1983-01-01";"1986-12-31";"1983-01-01";"106";"1"
"6503";"TARM AMTSSYGEHUS";"1978-01-01";"1986-12-31";"1978-01-01";"104";"1"
"6504";"RINGKØBING SYGEHUS";"1976-04-01";"1986-12-31";"1976-04-01";"104";"1"
"8011";"NIBE SYGEHUS";"1978-01-01";"1986-12-31";"1978-01-01";"105";"1"
"8008";"FREDERIKSHAVN SYGEHUS";"1978-01-01";"1991-12-31";"2000-04-04";"104";"1"
"8014";"SKAGEN SYGEHUS";"1978-01-01";"1991-12-31";"1978-01-01";"105";"1"
"9002";"ANGMAGSSALIK SYGEHUS";"1976-04-01";"1991-12-31";"1976-04-01";"104";"1"
"1509";"KAS NORDVANG";"1976-04-01";"1991-12-31";"1976-04-01";"121";"1"
"8010";"HALS SYGEHUS";"1976-04-01";"1978-12-31";"1976-04-01";"139";"1"
"1304";"KØBENHAVN, ØRESUNDSHOSPITALET";"1983-01-01";"1983-12-31";"1983-01-01";"121";"1"
"1311";"KØBENHAVN, BØRNEHOSPITALET PÅ";"1978-01-01";"1983-12-31";"1978-01-01";"111";"1"
"1310";"KØBENHAVN, SØNDERBRO HOSPITAL";"1978-01-01";"1983-12-31";"1978-01-01";"111";"1"
"3512";"SAKSKØBING, BEHANDLINGSHJEMMET";"1977-01-01";"1983-12-31";"1977-01-01";"122";"1"
"3008";"SKÆLSKØR SYGEHUS";"1978-01-01";"1983-12-31";"1978-01-01";"106";"1"
"2004";"FREDERIKSVÆRK, FREDERIKSBORG A";"1978-01-01";"1983-12-31";"1978-01-01";"105";"1"
"7017";"SKANDERBORG, FORSORGSCENTRET S";"1976-04-01";"1983-12-31";"1976-04-01";"420";"3"
"3509";"RØDBYGÅRD FORSORGSCENTER";"1976-04-01";"1983-12-31";"1976-04-01";"420";"3"
"3510";"NÆSTVED, FORSORGSCENTRET I";"1976-04-01";"1983-12-31";"1976-04-01";"420";"3"
"4004";"SVANEKE SYGEHUS";"1978-01-01";"1983-12-31";"1978-01-01";"106";"1"
"4211";"KERTEMINDE SYGEHUS";"1976-04-01";"1983-12-31";"1976-04-01";"139";"1"
"4214";"BEH.CENTRET 'STRANDHØJ',NYBORG";"1983-01-01";"1983-12-31";"1983-01-01";"420";"3"
"4217";"FÅBORG, HVEDHOLM PLEJEHJEM";"1983-01-01";"1983-12-31";"1983-01-01";"121";"1"
"7610";"HALD EGE, FORSORGSCENTRET";"1976-04-01";"1983-12-31";"1976-04-01";"420";"3"
"1511";"SØBORG, LILLEMOSEGÅRD";"1976-04-01";"1984-12-31";"1976-04-01";"420";"3"
"1512";"VANGEDE, BØRNEHOSPITALET I";"1976-04-01";"1984-12-31";"1976-04-01";"420";"3"
"1302";"KØBENHAVN, FINSENINSTITUTET";"1978-01-01";"1984-12-31";"1978-01-01";"101";"3"
"3011";"DIANALUND, KOLONIEN FILADELFIA";"1978-01-01";"1984-12-31";"1978-01-01";"111";"2"
"2001";"HILLERØD, FREDERIKSBORG AMTS C";"1976-04-01";"1984-12-31";"1976-04-01";"102";"1"
"7011";"ØRSTED SYGEHUS";"1978-01-01";"1984-12-31";"1978-01-01";"105";"1"
"4215";"MIDDELFART, DR. ALEXANDRINES G";"1976-04-01";"1984-12-31";"1976-04-01";"139";"1"
"7610";"EGESKOVCENTRET, HALD EGE";"1984-01-01";"1984-12-31";"1984-01-01";"420";"3"
"1504";"LYNGBY, KØBENHAVNS AMTS SYGEHU";"1978-01-01";"1985-12-31";"1978-01-01";"111";"1"
"1402";"FREDERIKSBERG, DIAKONISSESTIFT";"1978-01-01";"1985-12-31";"1978-01-01";"103";"2"
"1514";"GENTOFTE, OVERFØRSTERGÅRDEN";"1976-04-01";"1985-12-31";"1976-04-01";"133";"2"
"1512";"VANGEDE";"1985-01-01";"1985-12-31";"1985-01-01";"420";"1"
"1331";"KØBENHAVN,ALKO-AMB.FORCHAMMERS";"1983-01-01";"1985-12-31";"1983-01-01";"133";"1"
"3011";"DIANALUND, EPILEPSIHOSPITAL";"1985-01-01";"1985-12-31";"1985-01-01";"101";"2"
"2003";"HØRSHOLM, FREDERIKSBORG AMTS S";"1978-01-01";"1985-12-31";"1978-01-01";"104";"1"
"2006";"HELSINGØR, FREDERIKSBORG AMTS";"1978-01-01";"1985-12-31";"1978-01-01";"104";"1"
"1315";"KØBENHAVN, PSYK. PLEJEHOSP. BR";"1978-01-01";"1987-12-30";"1978-01-01";"121";"1"
"1317";"KØBENHAVN, PSYK. PLEJEHOSP. SU";"1978-01-01";"1987-12-30";"1978-01-01";"121";"1"
"1304";"KØBENHAVN, ØRESUNDSHOSPITALET";"1984-01-01";"1987-12-30";"1984-01-01";"122";"1"
"1316";"KØBENHAVN, PSYK. PLEJEHOSP. RI";"1978-01-01";"1987-12-30";"1978-01-01";"121";"1"
"1318";"KØBENHAVN, PSYK. PLEJEHOSP. HE";"1978-01-01";"1987-12-30";"1978-01-01";"121";"1"
"3013";"HOLBÆK, SYGEHJEMMET I";"1978-01-01";"1987-12-30";"1978-01-01";"121";"1"
"3014";"SORØ, SYGEHJEMMET I";"1978-01-01";"1987-12-30";"1978-01-01";"121";"1"
"8016";"ÅLBORG, SCT.JOSEPHS HOSPITAL";"1976-04-01";"1988-12-31";"1976-04-01";"119";"2"
"8017";"SKØRPING HOSPITAL";"1978-01-01";"1988-12-31";"1978-01-01";"106";"2"
"1402";"FR.BERG, DIAKONISSESTIFTELSEN";"1986-01-01";"1988-12-31";"1986-01-01";"450";"2"
"3015";"SORØ, ORTOPÆDKIRURGISK SYGEHUS";"1978-01-01";"1988-12-31";"1978-01-01";"111";"1"
"3512";"SAKSKØBING BEHANDL.HJ SAXENHØJ";"1984-01-01";"1988-12-31";"1984-01-01";"121";"1"
"7006";"SKANDERBORG SYGEHUS";"1978-01-01";"1988-12-31";"1978-01-01";"104";"1"
"7012";"EBELTOFT SYGEHUS";"1978-01-01";"1988-12-31";"1978-01-01";"105";"1"
"5508";"SYGEAFDELINGEN, RIBELUND";"1986-01-01";"1988-12-31";"1986-01-01";"119";"1"
"1508";"KLAMPENBORG, HVIDØRE HOSPITAL";"1978-01-01";"1989-12-31";"1978-01-01";"111";"2"
"3504";"MARIBO, AMTSSYGEHUSET I";"1978-01-01";"1989-12-31";"1978-01-01";"111";"1"
"7014";"ÅRHUS, ORTOPÆDISK HOSPITAL";"1978-01-01";"1989-12-31";"1978-01-01";"111";"1"
"7007";"ÅRHUS, MARSELISBORG HOSPITAL";"1978-01-01";"1990-11-21";"1978-01-01";"111";"1"
"6011";"VEJLEFJORD, JYSK NERVESANAT";"1978-01-01";"1990-12-31";"1978-01-01";"121";"2"
"2008";"HELSINGØR, MONTEBELLO";"1986-01-01";"1990-12-31";"1986-01-01";"121";"1"
"4002";"NEXØ SYGEHUS";"1978-01-01";"1990-12-31";"1978-01-01";"111";"1"
"7026";"SKEJBY SYGEHUS";"1989-01-01";"1990-12-31";"1997-08-06";"101";"1"
"3018";"BEHANDLINGSINSTITUT, HASLEV";"1986-01-01";"1991-08-14";"1986-01-01";"132";"3"
"7070";"MARSELISBORG HOSPITAL - 2";"1991-05-16";"1991-08-14";"1991-05-16";"111";"1"
"9701";"DR. ALEXANDRINES HOSP.TORSHAVN";"1992-01-10";"1992-01-10";"1992-01-10";"101";"1"
"9702";"KLAKSVIG SYGEHUS";"1992-01-10";"1992-01-10";"1992-01-10";"105";"1"
"9703";"SUDERØ SYGEHUS";"1992-01-10";"1992-01-10";"1992-01-10";"105";"1"
"8024";"BRØNDERSLEV PSYKIATRISKE SGH.";"1992-01-01";"1992-01-28";"1992-01-01";"121";"1"
"1505";"GENTOFTE,SANKT LUKASSTIFTELSEN";"1978-01-01";"1992-12-31";"1978-01-01";"111";"2"
"3016";"KORSØR SYGEHUS";"1978-01-01";"1992-12-31";"1978-01-01";"102";"1"
"2002";"ESBØNDERUP SYGEHUS";"1986-01-01";"1992-12-31";"1986-01-01";"111";"1"
"2003";"HØRSHOLM SYGEHUS";"1986-01-01";"1992-12-31";"1986-01-01";"104";"1"
"2006";"HELSINGØR SYGEHUS";"1986-01-01";"1992-12-31";"1986-01-01";"104";"1"
"7007";"ÅRHUS, MARSELISBORG HOSPITAL";"1990-11-22";"1992-12-31";"1990-11-22";"111";"1"
"7693";"VIBORG, DISTR.PSYK. ENHED MIDT";"1993-07-03";"1993-12-31";"1993-07-03";"121";"1"
"8021";"HAMMER BAKKER, INSTITUTIONERNE";"1986-01-01";"1993-12-31";"1986-01-01";"420";"1"
"8015";"FJERRITSLEV SYGEHUS";"1976-04-01";"1993-12-31";"1976-04-01";"139";"1"
"1518";"SKODSBORG, BADESANATORIUM";"1982-01-01";"1993-12-31";"1982-01-01";"139";"2"
"3007";"HASLEV SYGEHUS";"1983-01-01";"1993-12-31";"1983-01-01";"104";"1"
"3505";"NAKSKOV, AMTSSYGEHUSET I";"1978-01-01";"1993-12-31";"1978-01-01";"104";"1"
"2006";"HELSINGØR SYGEHUS";"1993-01-01";"1993-12-31";"1993-01-01";"104";"1"
"2003";"HØRSHOLM SYGEHUS";"1993-01-01";"1993-12-31";"1993-01-01";"104";"1"
"2005";"FREDERIKSSUND, FAS VEST";"1986-01-01";"1993-12-31";"1986-01-01";"103";"1"
"2012";"HELSINGØR, FAS ØST";"1993-01-01";"1993-12-31";"1993-01-01";"103";"1"
"3503";"FAKSE, AMTSSYGEHUSET I";"1978-01-01";"1993-12-31";"1978-01-01";"104";"1"
"3507";"VORDINGBORG, AMTSHOSPITALET I";"1976-04-01";"1993-12-31";"1976-04-01";"121";"1"
"9099";"GRØNLANDSK SYGEHUS";"1992-01-14";"1993-12-31";"1992-01-14";"999";
"7690";"THISTED,DISTR.PSYK. ENHED NORD";"1991-02-19";"1993-12-31";"1991-02-19";"121";"1"
"3005";"SÆBY PR. HØNG, SYGEHUSET I";"1978-01-01";"1999-04-30";"1999-04-26";"105";"1"
"2011";"HELSINGØR, ØRSHOLT";"1976-04-01";"1999-05-31";"1999-04-22";"133";"2"
"7010";"HAMMEL NEUROCENTER";"1978-01-01";"1999-07-31";"1999-09-01";"111";"1"
"3004";"RINGSTED/HASLEV SYGEHUS";"1978-01-01";"1999-08-31";"1999-09-01";"104";"1"
"1503";"KBH. AMT, SCT. ELISABETH";"1978-01-01";"1999-12-31";"1999-10-13";"104";"1"
"7601";"VIBORG SYGEHUS";"1976-04-01";"1999-12-31";"2000-01-13";"102";"1"
"7604";"NYKØBING MORS SYGEHUS";"1978-01-01";"1999-12-31";"1999-12-02";"104";"1"
"7603";"THISTED SYGEHUS";"1978-01-01";"1999-12-31";"1999-12-02";"103";"1"
"7605";"KJELLERUP SYGEHUS";"1978-01-01";"1999-12-31";"2000-01-13";"104";"1"
"2001";"Hillerød Sygehus";"1985-01-01";"2000-06-01";"2000-05-30";"102";"1"
"2005";"Frederikssund Sygehus";"1994-01-01";"2000-06-01";"2000-05-30";"103";"1"
"2012";"Sygehuset Øresund";"1994-01-01";"2000-06-01";"2000-05-30";"103";"1"
"5009";"Christiansfeld, Blåkorshjemmet";"1976-04-01";"2000-06-30";"2000-07-20";"124";"2"
"7603";"Nykøbing/Thisted Sygehus";"2000-01-01";"2000-12-31";"2000-10-27";"103";"1"
"6506";"Hvidbjerg Amtssygehus";"1976-04-01";"2000-12-31";"2000-10-27";"139";"1"
"8012";"Løgstør, Efterbehandlingssygehus";"1976-04-01";"2001-02-28";"2001-02-23";"139";"1"
"3002";"Centralsygehuset i Slagelse";"1976-04-01";"2001-04-30";"2001-05-31";"102";"1"
"8019";"Aalborg Psykiatriske Sygehus";"1976-04-01";"2001-06-30";"2001-03-30";"121";"1"
"3001";"Centralsygehuset i Holbæk";"1976-04-01";"2001-06-30";"2001-06-26";"102";"1"
"3010";"Amtshospitalet i Nykøbing S";"1976-04-01";"2001-06-30";"2001-06-26";"121";"1"
"8006";"Brønderslev Psykiatriske Sgh.";"1992-01-29";"2001-06-30";"2001-03-30";"121";"1"
"6014";"Friklinikken i Brædstrup";"2001-01-01";"2001-09-30";"2002-02-26";"138";"2"
"3004";"Ringsted Sygehus";"1999-09-01";"2002-12-31";"2002-06-27";"104";"1"
"2501";"Amtssygehuset i Roskilde";"1976-04-01";"2002-12-31";"2002-10-31";"102";"1"
"2502";"Amtssygehuset i Køge";"1978-01-01";"2002-12-31";"2002-10-31";"103";"1"
"3001";"Holbæk Sygehus";"2001-07-01";"2002-12-31";"2002-06-27";"102";"1"
"1315";"KØBENHAVN, BRØNDBYLUND";"1987-12-31";"1991-12-31";"1987-12-31";"450";"1"
"1317";"KØBENHAVN, SUNDBYGÅRD";"1987-12-31";"1991-12-31";"1987-12-31";"450";"1"
"1316";"KØBENHAVN, RINGBO";"1987-12-31";"1991-12-31";"1987-12-31";"450";"1"
"1318";"KØBENHAVN, HEDELUND";"1987-12-31";"1991-12-31";"1987-12-31";"450";"1"
"3013";"HOLBÆK, SYGEHJEMMET I";"1987-12-31";"1991-12-31";"1987-12-31";"450";"1"
"3014";"SORØ, SYGEHJEMMET I";"1987-12-31";"1991-12-31";"1987-12-31";"450";"1"
"9011";"NARSSAQ SYGEHUS";"1976-04-01";"1991-12-31";"1976-04-01";"104";"1"
"9012";"SCORESBYSUND SYGEHUS";"1976-04-01";"1991-12-31";"1976-04-01";"104";"1"
"9013";"SUKKERTOPPEN SYGEHUS";"1976-04-01";"1991-12-31";"1976-04-01";"104";"1"
"9014";"THULE SYGEHUS";"1976-04-01";"1991-12-31";"1976-04-01";"104";"1"
"9015";"UMANAK SYGEHUS";"1976-04-01";"1991-12-31";"1976-04-01";"104";"1"
"9016";"UPERNAVIK SYGEHUS";"1976-04-01";"1991-12-31";"1976-04-01";"104";"1"
"9701";"TORSHAVN,DR. ALEXANDRINES HOSP";"1976-04-01";"1991-12-31";"1976-04-01";"103";"1"
"9702";"KLAKSVIG SYGEHUS";"1976-04-01";"1991-12-31";"1976-04-01";"104";"1"
"9703";"SUDERØ SYGEHUS";"1976-04-01";"1991-12-31";"1976-04-01";"104";"1"
"8006";"BRØNDERSLEV SYGEHUS";"1986-01-01";"1991-12-31";"1986-01-01";"104";"1"
"8013";"TERNDRUP SYGEHUS";"1978-01-01";"1991-12-31";"1978-01-01";"105";"1"
"9001";"GODTHÅB, DR. INGRIDS HOSPITAL";"1976-04-01";"1991-12-31";"1976-04-01";"103";"1"
"9003";"CHRISTIANSHÅB SYGEHUS";"1976-04-01";"1991-12-31";"1976-04-01";"104";"1"
"9004";"EGEDESMINDE SYGEHUS";"1976-04-01";"1991-12-31";"1976-04-01";"104";"1"
"9005";"FREDERIKSHÅB SYGEHUS";"1976-04-01";"1991-12-31";"1976-04-01";"104";"1"
"9006";"GODHAVN SYGEHUS";"1976-04-01";"1991-12-31";"1976-04-01";"104";"1"
"9007";"HOLSTEINSBORG SYGEHUS";"1976-04-01";"1991-12-31";"1976-04-01";"104";"1"
"9008";"JAKOBSHAVN SYGEHUS";"1976-04-01";"1991-12-31";"1976-04-01";"104";"1"
"9009";"JULIANEHÅB SYGEHUS";"1976-04-01";"1991-12-31";"1976-04-01";"104";"1"
"9010";"NANORTALIK SYGEHUS";"1976-04-01";"1991-12-31";"1976-04-01";"104";"1"
"1333";"STRANDBJERG REKONVALESCENTHJEM";"1983-01-01";"1994-08-12";"1983-01-01";"141";"1"
"1334";"DIAKONISSESTIFTELSEN, KBH.KOM";"1986-11-24";"1994-08-12";"1986-11-24";"450";"1"
"1335";"SKODSBORG BAD, KBH.KOM";"1986-11-24";"1994-08-12";"1986-11-24";"450";"1"
"1329";"KØBENHAVN, VESTRE HOSPITAL";"1976-04-01";"1994-08-12";"1976-04-01";"139";"1"
"9990";"MONTEBELLO, SPANIEN";"1984-01-01";"1995-10-12";"1984-01-01";"122";"1"
"1334";"CENTER FOR HJERNESKADE";"1995-10-10";"1995-11-14";"1995-10-10";"139";"2"
"7027";"MERMAID, PRIVATHOSP.";"1989-01-01";"1995-12-31";"1989-01-01";"111";"2"
"1519";"COPENHAGEN HEART CENTER";"1994-01-01";"1996-08-15";"1994-01-01";"131";"2"
"7025";"NEUROSEKLINIKKEN I ØRSTED";"1984-01-01";"1996-12-31";"1984-01-01";"121";"1"
"4219";"KIRURGISK KLINIK I NYBORG";"1995-10-11";"1997-06-30";"1997-05-22";"138";"2"
"1515";"TÅSTRUP KURHJEM";"1976-04-01";"1998-05-31";"1998-05-06";"124";"2"
"3012";"SLAGELSE,FORSORGSC.ANDERSVÆNGE";"1983-01-01";"1998-05-31";"1998-05-06";"420";"1"
"2009";"BIRKERØD,FORSORGSC.SVANEPARKEN";"1986-01-01";"1998-05-31";"1998-05-06";"420";"1"
"7610";"EGESKOVCENTRET, HALD EGE";"1985-01-01";"1998-05-31";"1998-05-06";"420";"1"
"6012";"BREJNING, FORSORGSCENTRET";"1976-04-01";"1998-08-31";"1998-08-04";"420";"3"
"3006";"NYKØBING SJÆLLAND SYGEHUS";"1978-01-01";"1998-12-31";"1997-12-15";"105";"1"
"4201";"SYGEHUS FYN SVENDBORG";"1976-04-01";"1998-12-31";"1998-12-03";"102";"1"
"4203";"SYGEHUS FYN NYBORG";"1978-01-01";"1998-12-31";"1998-12-03";"104";"1"
"4204";"SYGEHUS FYN FAABORG";"1978-01-01";"1998-12-31";"1998-12-03";"104";"1"
"4206";"SYGEHUS FYN MIDDELFART";"1978-01-01";"1998-12-31";"1998-12-03";"103";"1"
"4207";"SYGEHUS FYN RUDKØBING";"1978-01-01";"1998-12-31";"1998-12-03";"111";"1"
"4209";"SYGEHUS FYN BOGENSE";"1978-01-01";"1998-12-31";"1998-12-03";"111";"1"
"4218";"SYGEHUS FYN MIDDELFART, PSYK. AFD.";"1994-04-08";"1998-12-31";"1998-12-03";"121";"1"
"4205";"SYGEHUS FYN RINGE";"1978-01-01";"1998-12-31";"1998-12-03";"111";"1"
"4208";"SYGEHUS FYN ÆRØSKØBING";"1978-01-01";"1998-12-31";"1998-12-03";"105";"1"
"4210";"SYGEHUS FYN ASSENS";"1978-01-01";"1998-12-31";"1998-12-03";"111";"1"
"7692";"Søndersøparken, børne- og ungd";"1993-01-01";"2002-12-31";"2002-10-31";"121";"1"
"7691";"Søndersøparken, voksenpsykiatri";"1993-01-01";"2002-12-31";"2002-10-31";"121";"1"
"7601";"Viborg-Kjellerup Sygehus";"2000-01-01";"2003-01-31";"2003-01-28";"102";"1"
"3002";"Slagelse Sygehus";"2001-05-01";"2002-12-31";"2002-06-27";"102";"1"
"3003";"Kalundborg Sygehus";"1978-01-01";"2002-12-31";"2002-06-27";"104";"1"
"3010";"Psykiatrihospitalet i Nykøbing Sj.";"2001-07-01";"2002-12-31";"2002-06-27";"121";"1"
"3017";"Psykiatrihospitalet Dianalund";"1986-01-01";"2002-12-31";"2002-06-27";"121";"1"
"3018";"Sclerosehospitalet i Haslev";"1991-09-05";"2004-03-31";"2004-02-27";"132";"2"
"7003";"Århus Kommunehospital";"1976-04-01";"2004-03-31";"2004-03-31";"101";"1"
"7044";"Prismet";"2002-01-01";"2004-04-30";"2004-03-31";"161";"2"
"5512";"Kirurgisk Klinik Esbjerg";"2002-01-01";"2004-06-30";"2004-06-30";"161";"2"
"5008";"Augustenborg Sygehus";"1976-04-01";"2004-06-30";"2004-06-30";"121";"1"
"1535";"Øjenlæge Charlotte Lund-Andersen";"2002-01-01";"2004-08-31";"2004-08-25";"161";"2"
"3516";"Øjenklinikken ved Michael Movin";"2002-01-01";"2004-08-31";"2004-08-25";"161";"2"
"7049";"Somnea Aps";"2003-01-01";"2004-08-31";"2004-08-25";"161";"2"
"7050";"Klinik for Ortopædkirurgi og Sportsskader";"2003-01-01";"2004-08-31";"2004-08-25";"161";"2"
"1513";"Glostrup, J.F.Kennedy Instituttet";"1983-01-01";"2004-10-31";"2004-10-29";"420";"3"
"1332";"Statens Øjenklinik, Rymarksvej";"1979-01-01";"2004-10-31";"2004-10-29";"138";"3"
"3513";"Øjenlæge Tommy Røder";"2002-01-01";"2004-10-31";"2004-10-29";"161";"2"
"3515";"Øjenlæge Kim Aaen";"2002-01-01";"2004-10-31";"2004-10-29";"161";"2"
"2017";"Øjenklinikken i Rungsted";"2002-01-01";"2004-11-30";"2004-11-30";"161";"2"
"8005";"Farsø Sygehus";"1978-01-01";"2004-12-31";"2004-12-21";"104";"1"
"1350";"Klinik for Medicinsk Genetik, Københavns Universitet";"2004-01-01";"2004-12-31";"2005-11-17";"160";"2"
"1530";"Strandvejsklinikken";"2002-01-01";"2005-01-31";"2005-01-31";"161";"2"
"5505";"Brørup Sygehus";"1976-04-01";"2005-01-31";"2005-01-31";"111";"1"
"5501";"Esbjerg Centralsygehus";"1976-04-01";"2005-01-31";"2005-01-31";"102";"1"
"5502";"Ribe Sygehus";"1978-01-01";"2005-01-31";"2005-01-31";"111";"1"
"5503";"Varde Sygehus";"1978-01-01";"2005-01-31";"2005-01-31";"111";"1"
"5504";"Grindsted Sygehus";"1978-01-01";"2005-01-31";"2005-01-31";"104";"1"
"8004";"Hobro-Terndrup Sygehus";"1978-01-01";"2005-01-31";"2004-12-21";"104";"1"
"1510";"Gentofte, KAS, Stolpegård";"1982-01-01";"2005-08-31";"2005-08-18";"121";"1"
"1352";"Røntgen & Ultralyd";"2005-01-01";"2005-08-31";"2005-08-18";"161";"2"
"1339";"Åreknudeklinikken";"2002-01-01";"2005-09-30";"2005-09-16";"161";"2"
"6512";"Ortopædkirurgisk Klinik, Privathospitalet Dalgas, Århus";"2004-01-01";"2005-09-30";"2005-09-16";"161";"2"
"4233";"Ortopædkirurgisk Klinik, Sydfyn";"2005-01-01";"2005-10-31";"2005-10-17";"161";"2"
"6512";"Privathospitalet Dalgas, Århus";"2005-10-01";"2006-04-30";"2006-04-18";"161";"2"
"2022";"Tværfagligt SmerteTeam";"2004-11-01";"2006-05-31";"2006-05-17";"161";"2"
"3502";"Centralsygehuset i Nykøbing F";"1976-04-01";"2006-06-30";"2006-06-15";"103";"1"
"3505";"Amtssygehuset i Nakskov";"1994-01-01";"2006-06-30";"2006-06-15";"105";"1"
"3501";"Centralsygehuset i Næstved";"1976-04-01";"2006-06-30";"2006-06-15";"102";"1"
"3503";"Amtssygehuset i Fakse";"1994-01-01";"2006-06-30";"2006-06-15";"105";"1"
"3506";"Amtssygehuset i Stege";"1978-01-01";"2006-06-30";"2006-06-15";"105";"1"
"6007";"Kolding Sygehus";"1978-01-01";"2006-11-30";"2006-11-17";"102";"1"
"2501";"Roskilde Amts Sygehus, Roskilde";"2003-01-01";"2006-12-31";"2006-12-18";"102";"1"
"2502";"Roskilde Amts Sygehus, Køge";"2003-01-01";"2006-12-31";"2006-12-18";"103";"1"
"2000";"Frederiksborg Amts Sundhedsvæsen";"1998-01-01";"2006-12-31";"2006-11-17";"102";"1"
"6507";"Psykiatrien i Ringkøbing Amt";"1999-04-01";"2006-12-31";"2006-12-18";"121";"1"
"6003";"Fredericia Sygehus";"1978-01-01";"2006-12-31";"2006-11-17";"103";"1"
"6502";"Herning Sygehus";"2003-02-01";"2006-12-31";"2006-12-18";"102";"1"
"6505";"Lemvig Sygehus";"1987-01-01";"2006-12-31";"2006-12-18";"104";"1"
"6501";"Holstebro Sygehus";"2003-02-01";"2006-12-31";"2006-12-18";"102";"1"
"6503";"Tarm Sygehus";"1987-01-01";"2006-12-31";"2006-12-18";"104";"1"
"6504";"Ringkøbing Sygehus";"1987-01-01";"2006-12-31";"2006-12-18";"104";"1"
"1501";"Kbh. Amts Sygehus i Gentofte";"1976-04-01";"2007-01-31";"2007-02-20";"102";"1"
"1502";"Kbh. Amts Sygehus i Glostrup";"1976-04-01";"2007-01-31";"2007-02-20";"102";"1"
"1516";"Kbh. Amts Sygehus i Herlev";"1978-01-01";"2007-01-31";"2007-02-20";"101";"1"
"6502";"Herning Centralsygehus";"1976-04-01";"2003-01-31";"2003-01-28";"102";"1"
"7038";"Århus Speciallægecenter, Plastikkirurgisk Center";"2002-01-01";"2003-01-31";"2003-01-28";"161";"2"
"7045";"Århus speciallægecenter, Kirurgisk Center";"2002-01-01";"2003-01-31";"2003-01-28";"161";"2"
"7602";"Skive Sygehus";"1978-01-01";"2003-01-31";"2003-01-28";"103";"1"
"6501";"Holstebro Centralsygehus";"1976-04-01";"2003-01-31";"2003-01-28";"102";"1"
"7008";"Odder Centralsygehus";"1978-01-01";"2003-04-30";"2003-03-31";"104";"1"
"9017";"Kangaatsiaq Sundhedscenter";"2000-01-01";"2003-05-31";"2003-05-28";"104";"1"
"8003";"Hjørring-Brønderslev Sygehus";"1976-04-01";"2003-09-30";"2003-12-19";"102";"1"
"7009";"Grenaa Centralsygehus";"1978-01-01";"2003-10-31";"2003-10-30";"104";"1"
"8008";"Frederikshavn-Skagen Sygehus";"1992-01-01";"2003-12-31";"2004-01-30";"104";"1"
"8009";"Brovst Sygehus";"1978-01-01";"2003-12-31";"2004-01-30";"105";"1"
"8023";"Vrå, Ringgården";"1983-01-01";"2003-12-31";"2004-01-30";"133";"2"
"8910";"Speciallæge i eget amt";"2002-01-01";"2003-12-31";"2003-09-30";"139";"2"
"8920";"Speciallæge i andet amt";"2002-01-01";"2003-12-31";"2003-09-30";"139";"2"
"1303";"Kommunehospitalet, København";"1978-01-01";"2003-12-31";"2003-03-31";"111";"1"
"1307";"Sundby Hospital";"1978-01-01";"2003-12-31";"2003-03-31";"103";"1"
"7007";"Marselisborg Hospital";"1993-01-01";"2003-12-31";"2004-01-30";"111";"1"
"6009";"Sct. Maria Hospital, Vejle";"1978-01-01";"2003-12-31";"2004-01-30";"139";"1"
"8007";"Dronninglund Sygehus";"1978-01-01";"2003-12-31";"2004-01-30";"104";"1"
"8022";"Hadsund, Visborggård Plejehjem";"1983-01-01";"2003-12-31";"2004-01-30";"139";"1"
"4229";"Røntgenklinikken Bondovej";"2003-01-01";"2007-03-31";"2007-03-21";"161";"2"
"4230";"Privatklinikken Ortopædisk Kirurgi";"2003-01-01";"2007-03-31";"2007-03-21";"161";"2"
"5512";"Esbjerg Privathospital A/S";"2004-07-01";"2007-03-31";"2007-03-21";"161";"2"
"2016";"Frederiksborg Klinikken";"2002-01-01";"2007-03-31";"2007-03-21";"161";"2"
"6510";"Privathospitalet Dalgas";"2001-03-01";"2007-03-31";"2007-03-21";"161";"2"
"7005";"Randers Centralsygehus";"1976-04-01";"2007-03-31";"2007-03-21";"102";"1"
"7009";"Grenaa Sygehus";"2003-11-01";"2007-03-31";"2007-03-21";"104";"1"
"5004";"Aabenraa Sygehus";"1978-01-01";"2007-04-30";"2007-04-19";"103";"1"
"5506";"Amtssygehuset (Ribe Amt)";"1976-04-01";"2007-04-30";"2007-04-19";"121";"1"
"5002";"Haderslev Sygehus";"1978-01-01";"2007-04-30";"2007-04-19";"103";"1"
"7028";"Børne- og Ungdomspsyk. Hosp.";"1995-01-01";"2007-04-30";"2007-04-19";"121";"1"
"5003";"Tønder Sygehus";"1978-01-01";"2007-04-30";"2007-04-19";"104";"1"
"5001";"Sønderborg Sygehus";"1976-04-01";"2007-04-30";"2007-04-19";"102";"1"
"7016";"Psykiatrien i Århus Amt";"1976-04-01";"2007-04-30";"2007-04-19";"121";"1"
"7692";"Børne- og Ungdoms-psykiatrisk Sygehus, Viborg Amt";"2003-01-01";"2007-04-30";"2007-04-19";"121";"1"
"7693";"Distr.psyk. enhed Midt";"1994-01-01";"2007-04-30";"2007-04-19";"121";"1"
"7691";"Psykiatrisk Sygehus Søndersø, Vib. Amt /Distr.psyk. Enh.Vib.";"2003-01-01";"2007-04-30";"2007-04-19";"121";"1"
"7694";"Distr.psyk. enhed Syd";"1997-01-01";"2007-04-30";"2007-04-19";"121";"1"
"6507";"Regionspsykiatrien i Herning og Holstebro";"2007-01-01";"2007-04-30";"2007-04-19";"121";"1"
"7002";"Silkeborg Centralsygehus";"1978-01-01";"2007-05-31";"2007-05-21";"103";"1"
"7010";"Hammel Neurocenter";"1999-08-01";"2007-05-31";"2007-05-21";"111";"1"
"7026";"Skejby Sygehus";"1991-01-01";"2007-05-31";"2007-05-21";"101";"1"
"7601";"Sygehus Viborg";"2003-02-01";"2007-06-30";"2007-06-21";"102";"1"
"7603";"Sygehus NORD, Nykøbing-Thisted";"2001-01-01";"2007-06-30";"2007-06-21";"103";"1"
"4001";"Bornholms Centralsygehus";"1976-04-01";"2007-08-31";"2007-08-17";"103";"1"
"7026";"Universitetshospital, Skejby";"2007-06-01";"2007-09-30";"2007-09-18";"101";"1"
"8088";"Anden rekvirent, Nordjyllands Amt";"2000-01-01";"2008-12-31";"2008-12-18";"140";"9"
"1388";"Anden rekvirent, H:S-området";"2000-01-01";"2008-12-31";"2008-12-18";"140";"9"
"1424";"Ellitsgaards Privatklinik, plastik-og rekonstruktionskirurgi";"2008-05-01";"2008-12-31";"2008-12-18";"161";"2"
"3088";"Anden rekvirent, Vestsjællands Amt";"2000-01-01";"2008-12-31";"2008-12-18";"140";"9"
"4088";"Anden rekvirent, Bornholms Amt";"2000-01-01";"2008-12-31";"2008-12-18";"140";"9"
"6006";"Horsens Sygehus";"1978-01-01";"2007-01-31";"2007-02-20";"103";"1"
"7690";"Distr.psyk. enhed Nord";"1994-01-01";"2007-01-31";"2007-02-20";"121";"1"
"8026";"Psykiatrien i Nordjyllands Amt";"2001-01-01";"2007-01-31";"2007-02-20";"121";"1"
"1538";"Sportsklinikken";"2002-01-01";"2007-03-31";"2007-03-21";"161";"2"
"5015";"Øjenlæge Marianne Berthelsen";"2004-11-01";"2007-10-31";"2007-11-20";"161";"2"
"1528";"Øre-Staden";"2002-01-01";"2007-12-31";"2007-12-17";"161";"2"
"7008";"Odder Sygehus";"2003-05-01";"2007-12-31";"2007-10-17";"104";"1"
"7028";"Psykiatrien & Børne- og Ungdomspsykiatrien i Region Midtjyl.";"2007-05-01";"2007-12-31";"2007-12-17";"121";"1"
"6005";"Psykiatrien & BUC i Reg. Midt";"2007-01-01";"2007-12-31";"2007-12-17";"121";"1"
"6014";"Friklinikken i Brædstrup";"2001-10-01";"2007-12-31";"2007-12-17";"111";"1"
"7016";"Psykiatrien & Børne- og Ungdomspsykiatrien i Region Midtjyl.";"2007-05-01";"2007-12-31";"2007-12-17";"121";"1"
"7692";"Psykiatrien & Børne- og Ungdomspsykiatrien i Region Midtjyl.";"2007-05-01";"2007-12-31";"2007-12-17";"121";"1"
"7693";"Psykiatrien & Børne- og Ungdomspsykiatrien i Region Midtjyl.";"2007-05-01";"2007-12-31";"2007-12-17";"121";"1"
"7691";"Psykiatrien & Børne- og Ungdomspsykiatrien i Region Midtjyl.";"2007-05-01";"2007-12-31";"2007-12-17";"121";"1"
"7694";"Psykiatrien & Børne- og Ungdomspsykiatrien i Region Midtjyl.";"2007-05-01";"2007-12-31";"2007-12-17";"121";"1"
"6507";"Psykiatrien & Børne- og Ungdomspsykiatrien i Region Midtjy.";"2007-05-01";"2007-12-31";"2007-12-17";"121";"1"
"1340";"Dansk Synskirurgi";"2002-01-01";"2008-01-31";"2008-01-17";"161";"2"
"8030";"Øjenklinikken i Hjørring ApS";"2002-01-01";"2008-02-29";"2008-02-15";"161";"2"
"9799";"Færøsk Sygehus";"1992-01-14";"2008-03-31";"2008-03-14";"999";"1"
"7610";"Dagkirurgisk Hospital, Viborg";"2003-01-01";"2008-04-30";"2008-04-21";"161";"2"
"1520";"Gildhøj Speciallægeklinik";"1995-10-11";"2008-05-31";"2008-05-21";"161";"2"
"2524";"Speciallægerne Jørgensen";"2002-01-01";"2008-05-31";"2008-05-21";"161";"2"
"7031";"Grymer Plastikkirurgisk Klinik";"1995-10-11";"2008-05-31";"2008-06-17";"161";"2"
"7067";"Grymer Privathospital Skejby ApS";"2004-06-01";"2008-05-31";"2008-06-17";"161";"2"
"5514";"Falck Rehab Varde";"2003-09-01";"2008-06-30";"2008-05-21";"161";"2"
"1314";"Sct. Hans Hospital";"1976-04-01";"2008-07-31";"2008-02-15";"121";"1"
"1571";"Øjenklinikken i Hvidovre";"2008-04-01";"2008-09-30";"2008-09-17";"161";"2"
"6015";"Speciallægeklinikken i Vejle";"2002-01-01";"2008-09-30";"2008-09-17";"161";"2"
"1511";"Søborg, Lillemosegård";"1985-01-01";"2008-11-30";"2008-11-17";"420";"1"
"1514";"KISØ (Kennedy Instituttet - Statens Øjenklinik)";"2003-01-01";"2008-11-30";"2008-11-17";"420";"3"
"4212";"Sygehus Fyn";"1999-01-01";"2008-11-30";"2008-12-18";"102";"1"
"2501";"Roskilde Sygehus";"2007-01-01";"2009-03-31";"2009-02-18";"102";"1"
"2502";"Køge Sygehus";"2007-01-01";"2009-03-31";"2009-02-18";"103";"1"
"2503";"Amtssygehuset Fjorden";"1987-01-01";"2009-03-31";"2009-02-18";"121";"1"
"6011";"Vejlefjord";"1995-10-10";"2009-04-23";"2009-04-16";"161";"2"
"6020";"Tværfagligt Smertecenter Vejlefjord";"2006-12-01";"2009-04-23";"2009-04-16";"161";"2"
"7690";"Psykiatrien, Region Nordjylland - afdeling Thy/Mors";"2007-02-01";"2009-05-26";"2009-05-18";"121";"1"
"7016";"Psyk. RM, Rissk/Ran/Silk/Skand.";"2008-01-01";"2009-09-30";"2009-09-10";"121";"1"
"6020";"Allévia Tværfagligt Smertecenter APS";"2009-04-24";"2009-10-01";"2009-08-25";"162";"2"
"7021";"Sclerosehospitalet i Ry";"1983-01-01";"2009-10-17";"2009-10-09";"151";"2"
"3018";"Sclerosehospitalet i Danmark";"2004-04-01";"2009-10-21";"2009-10-14";"151";"2"
"7032";"Muskelsvindfondens Center";"1995-10-10";"2009-11-19";"2009-11-12";"161";"2"
"6006";"Regionshospitalet Horsens, Brædstrup og Odder";"2007-02-01";"2009-11-20";"2009-11-13";"103";"1"
"8054";"Lasercenter Nord I/S";"2007-01-01";"2009-11-24";"2009-11-17";"161";"2"
"8054";"Lasercenter Nord I/S";"2009-11-25";"2009-11-25";"2009-11-17";"161";"2"
"1566";"Bekkevold Klinikken";"2007-04-01";"2009-11-30";"2009-10-22";"161";"2"
"7029";"Plastikkirurgisk Klinik";"1995-10-11";"2010-01-20";"2010-01-12";"161";"2"
"1389";"Curato AS, Esplanaden";"2008-12-01";"2010-01-21";"2010-01-13";"161";"2"
"1378";"Røntgenklinikken";"2007-01-01";"2010-01-22";"2010-01-14";"161";"2"
"2088";"Anden rekvirent, Frederiksborg Amt";"2000-01-01";"2008-12-31";"2008-12-18";"140";"9"
"4288";"Anden rekvirent, Fyns Amt";"2000-01-01";"2008-12-31";"2008-12-18";"140";"9"
"1588";"Anden rekvirent, Københavns Amt";"2000-01-01";"2008-12-31";"2008-12-18";"140";"9"
"2588";"Anden rekvirent, Roskilde Amt";"2000-01-01";"2008-12-31";"2008-12-18";"140";"9"
"6588";"Anden rekvirent, Ringkøbing Amt";"2000-01-01";"2008-12-31";"2008-12-18";"140";"9"
"5088";"Anden rekvirent, Sønderjyllands Amt";"2000-01-01";"2008-12-31";"2008-12-18";"140";"9"
"5588";"Anden rekvirent, Ribe Amt";"2000-01-01";"2008-12-31";"2008-12-18";"140";"9"
"7088";"Anden rekvirent, Århus Amt";"2000-01-01";"2008-12-31";"2008-12-18";"140";"9"
"3588";"Anden rekvirent, Storstrøms Amt";"2000-01-01";"2008-12-31";"2008-12-18";"140";"9"
"7688";"Anden rekvirent, Viborg Amt";"2000-01-01";"2008-12-31";"2008-12-18";"140";"9"
"6088";"Anden rekvirent, Vejle Amt";"2000-01-01";"2008-12-31";"2008-12-18";"140";"9"
"6002";"Brædstrup Sygehus";"1978-01-01";"2009-01-31";"2009-01-19";"104";"1"
"2015";"Frederiksborg Amts Støtte- og Kontaktcenter";"2000-01-01";"2009-02-28";"2009-02-18";"138";"1"
"7019";"Egå, Blåkorshjemmet Egåhus";"1976-04-01";"2009-02-28";"2009-02-18";"180";"2"
"7042";"Århus Speciallægecenter";"2002-01-01";"2009-02-28";"2009-02-18";"161";"2"
"5010";"Sydgården";"1987-02-01";"2009-02-28";"2009-02-18";"180";"2"
"3507";"Psykiatrien i Storstrøm Amt";"2001-01-01";"2009-02-28";"2009-01-19";"121";"1"
"4216";"Middelfart, Ringgården";"1976-04-01";"2009-02-28";"2009-02-18";"180";"2"
"1410";"Bloddonorerne, Storkøbenhavn";"1990-01-18";"2009-02-28";"2009-02-18";"119";"2"
"1506";"Gentofte Kommune, Tranehaven";"1976-04-01";"2009-02-28";"2009-02-18";"450";"1"
"1524";"Polio-, Trafik-og Ulykkessk.amb";"1995-10-10";"2009-02-28";"2009-02-18";"139";"2"
"1547";"Klinik for mave- og tarmsygdomme";"2003-01-01";"2009-02-28";"2009-02-18";"161";"2"
"3500";"Storstrømmens Sygehus";"2002-01-01";"2009-02-28";"2009-01-19";"102";"1"
"3000";"Sygehus Vestsjælland";"1995-01-01";"2009-02-28";"2009-01-19";"102";"1"
"4010";"Speciallæge Juergen Schwarzenburg";"2009-06-01";"2010-04-06";"2010-03-26";"162";"2"
"6029";"Hudlæge Peter Hundevadt Andersen";"2010-04-02";"2010-04-09";"2010-03-26";"161";"2"
"6025";"Hudlæge Peter H. Andersen";"2009-05-01";"2010-04-24";"2010-04-16";"161";"2"
"5018";"Kongevejsklinikken";"2006-03-01";"2010-05-29";"2010-05-21";"161";"2"
"7018";"Hans Jansens Hjem, Gigtsanatorium";"1976-04-01";"2010-06-16";"2010-06-09";"150";"2"
"4215";"Dr. Alexandrines Gigtsanatorium";"1986-01-01";"2010-06-16";"2010-06-09";"150";"2"
"3009";"Gigthospitalet i Skælskør";"1983-01-01";"2010-06-18";"2010-06-11";"150";"2"
"2024";"Angelica Lauritzens Speciallægeklinik, Hillerød";"2005-01-01";"2010-06-20";"2010-06-02";"161";"2"
"7056";"Prismet Gynækologisk klinik";"2004-05-01";"2010-07-12";"2010-07-05";"161";"2"
"7601";"Regionshospitalet Viborg, Skive og Kjellerup";"2007-07-01";"2010-08-24";"2010-08-17";"102";"1"
"1589";"Privatklinikken for børn";"2010-06-01";"2010-09-04";"2010-08-27";"162";"2"
"1429";"Rungbyklinikken";"2008-07-01";"2010-09-10";"2010-09-02";"161";"2"
"2033";"Hjertelægerne i Hillerød";"2008-01-01";"2010-09-20";"2010-09-06";"161";"2"
"1506";"Gentofte Kommune, Tranehaven";"2009-03-01";"2010-10-08";"2010-09-30";"141";"1"
"1577";"Lene Vesterager";"2007-01-01";"2010-11-03";"2010-10-26";"161";"2"
"6028";"Klinik Kellers Park A/S";"2009-12-01";"2010-11-04";"2010-10-27";"161";"2"
"1432";"Pain-Team, Tværfaglig Smerteklinik";"2009-07-01";"2010-11-05";"2010-10-28";"161";"2"
"6015";"Dronning Sophies Hospital/Kolding Privathospital";"2008-10-01";"2010-11-05";"2010-10-28";"161";"2"
"1555";"Osteoporoseklinikken i Hellerup";"2004-01-01";"2010-12-23";"2010-12-15";"161";"2"
"1419";"Thava Hamlet";"2006-01-01";"2010-12-31";"2010-11-29";"161";"2"
"6026";"Quattro clinic";"2009-07-01";"2011-01-27";"2011-01-20";"161";"2"
"6026";"Tereshospitalet Fredericia";"2011-01-28";"2011-01-28";"2011-01-20";"161";"2"
"1544";"Øjenlæge Jens Taarnhøj";"2003-01-01";"2011-02-12";"2011-02-04";"161";"2"
"7036";"Øjenklinikken Sct. Clemens";"2002-01-01";"2011-03-24";"2011-03-16";"161";"2"
"1372";"Cosmeticon ApS";"2006-10-01";"2011-03-26";"2011-03-18";"161";"2"
"5016";"Kollund Rygklinik";"2006-01-01";"2011-03-29";"2011-03-21";"161";"2"
"7037";"Bellevues Ortopædkirurgiske Klinik";"2002-01-01";"2011-03-29";"2011-03-21";"161";"2"
"1425";"Kardiologisk Klinik København";"2008-07-01";"2010-01-28";"2010-01-20";"161";"2"
"1369";"Kirurgisk speciallægeklinik";"2005-10-01";"2010-01-28";"2010-01-20";"161";"2"
"6510";"Danske Privathospitaler";"2007-04-01";"2010-02-09";"2010-02-02";"161";"2"
"1427";"Skadestuen.nu";"2008-08-01";"2010-03-01";"2010-02-22";"161";"2"
"1511";"Søborg, Lillemosegård";"2008-12-01";"2010-03-11";"2010-03-03";"141";"1"
"2015";"Frederiksborg Amts Støtte- og Kontaktcenter";"2009-03-01";"2010-03-17";"2010-03-09";"141";"1"
"7041";"Ortopædkirurgisk Klinik v/Bent Niedermann";"2002-01-01";"2011-03-30";"2011-03-22";"161";"2"
"1559";"Brede Plastikkirurgi";"2005-01-01";"2011-04-07";"2011-03-30";"161";"2"
"8057";"Laser Center Nord I/S";"2009-11-25";"2011-04-07";"2011-03-30";"161";"2"
"8054";"Lasercenter Nord";"2009-11-26";"2011-04-19";"2011-04-12";"161";"2"
"2511";"Ortopæd. Kirurgisk Klinik";"2004-10-01";"2011-05-20";"2011-05-12";"161";"2"
"3518";"Ryg & Orto";"2004-09-01";"2011-05-20";"2011-05-12";"161";"2"
"1542";"Absalon Privatklinik";"2003-01-01";"2011-05-21";"2011-05-13";"161";"2"
"2035";"Rudersdal Søvnapnøklinik";"2008-09-01";"2011-06-03";"2011-05-26";"161";"2"
"7080";"eira Privathospitalet Skejby";"2007-05-01";"2011-06-22";"2011-06-14";"161";"2"
"1576";"Tandklinikken Holstein";"2007-01-01";"2011-06-24";"2011-06-16";"161";"2"
"5011";"Øjenlæge Hans Erik Aamand";"2002-01-01";"2011-07-01";"2011-06-23";"161";"2"
"1427";"Kirurgisk Klinik Frederiksberg-Skadestuen.nu";"2010-03-02";"2011-07-02";"2011-06-24";"161";"2"
"3022";"Psykiatrihospitalet Skovhus, Granhøjen";"2007-01-01";"2011-07-05";"2011-06-28";"162";"2"
"3018";"Sclerosecentrene i Danmark";"2009-10-22";"2011-07-15";"2011-07-08";"151";"2"
"1521";"Søllerød Privathospital";"1995-10-12";"2011-07-19";"2011-07-11";"161";"2"
"2027";"Arresødal Privathospital A/S";"2005-09-01";"2011-08-06";"2011-07-29";"161";"2"
"4223";"Karkirurgisk Speciallægeklinik";"2002-01-01";"2011-08-12";"2011-08-04";"161";"2"
"8033";"Nordjysk Søvncenter";"2003-01-01";"2011-08-31";"2011-08-23";"161";"2"
"1412";"Den Private Høreklinik";"2002-01-01";"2011-09-01";"2011-08-24";"161";"2"
"1554";"Auriclinic";"2004-01-01";"2011-09-01";"2011-08-24";"161";"2"
"1564";"Allergi og Lungeklinikken, Hellerup";"2007-03-01";"2011-09-01";"2011-08-24";"161";"2"
"7696";"Ortopædkirurgisk Klinik, Viborg";"2004-10-01";"2011-09-01";"2011-08-24";"161";"2"
"8055";"Hjertemedicinsk Speciallægeklinik, Skagen";"2009-01-01";"2011-09-01";"2011-08-24";"161";"2"
"1558";"Gentofte Fertilitetsklinik";"2005-10-01";"2011-09-07";"2011-08-30";"161";"2"
"3514";"Cataractklinikken i Næstved";"2002-01-01";"2011-09-08";"2011-08-31";"161";"2"
"2510";"Socialpsykiatrisk Klinik, Roskilde  Misbrugsinstitution";"2000-01-01";"2011-09-08";"2011-08-31";"162";"2"
"4232";"Privathosp. Mariahjemmet v. øjenlæge Birger Bro Christensen";"2004-01-01";"2011-09-08";"2011-08-31";"161";"2"
"4230";"Kragh Petersen Privatklinikken Bondovej";"2007-04-01";"2012-02-19";"2012-02-10";"161";"2"
"5014";"Privatsygehus Danmark, Tønder ApS";"2004-01-01";"2012-02-28";"2012-02-20";"161";"2"
"1411";"Privathospitalet Hamlet";"1994-01-01";"2012-02-29";"2012-02-21";"161";"2"
"1339";"Kirurgisk Center & Åreknudeklinikken";"2005-10-01";"2012-02-29";"2012-02-21";"161";"2"
"7031";"Grymer Privathospital Skejby I/S";"2008-06-01";"2012-03-31";"2012-03-23";"161";"2"
"7051";"Kirurgisk Urologisk Klinik";"2004-01-01";"2012-03-31";"2012-03-23";"161";"2"
"7086";"Øjenlægepraksis v/Kristian Næser";"2008-01-01";"2012-03-31";"2012-03-23";"161";"2"
"7063";"Kirurgisk Klinik, Grenå";"2004-01-01";"2012-04-28";"2012-04-20";"161";"2"
"7085";"Hjertemedicinsk speciallægeklinik";"2008-01-01";"2012-05-02";"2012-04-24";"161";"2"
"6005";"Psykiatrien i RM, Horsens";"2008-01-01";"2012-05-05";"2012-04-26";"121";"1"
"1431";"Klinik for endoskopi og kirurgi v. Michael Rolff";"2008-01-01";"2012-06-01";"2012-05-25";"161";"2"
"7009";"Regionshospitalet Grenaa";"2007-04-01";"2012-06-02";"2012-05-25";"104";"1"
"6516";"Midtjyske Øjenklinik";"2007-07-01";"2012-06-02";"2012-05-25";"161";"2"
"6505";"Regionshospitalet Lemvig";"2007-01-01";"2012-07-18";"2012-07-10";"104";"1"
"6501";"Regionshospitalet Holstebro";"2007-01-01";"2012-07-18";"2012-07-10";"102";"1"
"6502";"Regionshospitalet Herning";"2007-01-01";"2012-07-18";"2012-07-10";"102";"1"
"6503";"Regionshospitalet Tarm";"2007-01-01";"2012-07-18";"2012-07-10";"104";"1"
"8036";"Instant Care Clinic";"2004-11-01";"2011-09-09";"2011-09-01";"161";"2"
"8041";"Øjenklinikken i Dronninglund ApS";"2004-12-01";"2011-09-09";"2011-09-01";"161";"2"
"1524";"Polio-, Trafik-og Ulykkessk.amb";"2009-03-01";"2011-09-28";"2011-09-21";"161";"2"
"6004";"Give Sygehus";"1976-04-01";"2011-09-30";"2011-08-30";"111";"1"
"6013";"De Vestdanske Friklinikker, Give";"2007-03-01";"2011-09-30";"2011-08-30";"111";"1"
"1539";"Skodsborg Røntgen og Ultralyd";"2002-01-01";"2011-10-07";"2011-09-29";"161";"2"
"7694";"Psykiatrien i RM, Kjellerup";"2008-01-01";"2011-10-07";"2011-09-29";"121";"1"
"8049";"Øjenkirurgisk Klinik, Aalborg";"2007-02-01";"2011-10-11";"2011-10-03";"161";"2"
"5515";"Øresneglen";"2004-01-01";"2011-10-13";"2011-10-05";"161";"2"
"1524";"PTU' s Rehabiliteringscenter";"2011-09-29";"2011-10-20";"2011-10-13";"161";"2"
"1522";"Erichsens Privathospital A/S";"1995-10-12";"2011-10-26";"2011-10-18";"161";"2"
"8046";"TR Ortopædisk Klinik";"2006-11-01";"2011-11-10";"2011-11-02";"161";"2"
"5522";"Esbjerg Øjenkirurgisk Klinik";"2011-10-01";"2011-11-12";"2011-11-04";"161";"2"
"1562";"Den Internationale Ortopædkirurgiske Klinik";"2006-11-01";"2011-11-15";"2011-11-07";"161";"2"
"6014";"De Vestdanske Friklinikker, Brædstrup";"2008-01-01";"2011-11-19";"2011-11-11";"111";"1"
"4262";"Hjertemedicinsk Testcenter, Odense";"2004-01-01";"2011-11-22";"2011-11-14";"161";"2"
"6023";"ScanSleep A/S, Søvnmedicinsk Klinik, Kolding";"2008-09-01";"2011-11-24";"2011-11-16";"161";"2"
"6507";"Psyk. & BUC, RM Herning og Holstebro";"2008-01-01";"2011-12-13";"2011-12-05";"121";"1"
"1347";"Copenhagen Gastroclinic";"2004-01-01";"2011-12-31";"2011-12-23";"161";"2"
"2037";"Pilonidalklinikken";"2008-11-01";"2011-12-31";"2011-12-16";"161";"2"
"4276";"Thava Middelfart";"2008-08-01";"2011-12-31";"2011-12-16";"161";"2"
"1573";"Furesø Privathospital";"2008-04-01";"2012-01-20";"2012-01-12";"161";"2"
"5020";"Sundhed4u";"2010-01-01";"2012-02-11";"2012-02-03";"161";"2"
"6019";"Horsens Fertilitetsklinik";"2005-09-01";"2012-02-18";"2012-02-09";"161";"2"
"7064";"Søvn og respirationscenter c/o Grymer Privathospital";"2004-04-01";"2012-02-18";"2012-02-09";"161";"2"
"7691";"Psykiatrien i RM, Viborg";"2008-01-01";"2012-12-06";"2012-11-28";"121";"1"
"8003";"Sygehus Vendsyssel";"2003-10-01";"2500-01-01";"2003-12-19";"102";"1"
"8005";"Sygehus Himmerland";"2005-01-01";"2500-01-01";"2004-12-21";"105";"1"
"8010";"Privathospitalet Skørping";"1995-10-12";"2500-01-01";"2009-09-02";"161";"2"
"8025";"Kamillianer Gaarden";"1999-01-01";"2500-01-01";"2005-10-17";"170";"2"
"8027";"Øjenlæge Flemming Krebs Sørensen";"2002-01-01";"2500-01-01";"2002-10-31";"161";"2"
"8028";"Øjenklinikken Kalstrup";"2002-01-01";"2500-01-01";"2002-09-30";"161";"2"
"8029";"Øjenkirurgisk Klinik aps, Aalborg";"2002-01-01";"2500-01-01";"2002-10-31";"161";"2"
"8030";"Øjencenter Nord";"2008-03-01";"2500-01-01";"2008-02-15";"161";"2"
"8031";"Øjenlæge Jens Bach Andersen";"2003-01-01";"2500-01-01";"2003-02-28";"161";"2"
"8032";"Ortopædisk Klinik";"2003-01-01";"2500-01-01";"2003-03-31";"161";"2"
"8037";"Hud- og Laserklinikken i Hobro";"2005-01-01";"2500-01-01";"2005-01-31";"161";"2"
"8038";"Ortopædkirurgisk Klinik Sydhimmerland ApS";"2005-01-01";"2500-01-01";"2011-11-02";"161";"2"
"8039";"ScanSleep A/S, Søvnmedicinsk Klinik, Aalborg";"2005-05-01";"2500-01-01";"2008-10-20";"161";"2"
"8042";"Øjenlæge Hans Erik Heuer";"2005-12-01";"2500-01-01";"2006-03-21";"161";"2"
"8043";"Rehabilitering af flygtninge";"2007-01-01";"2500-01-01";"2006-12-18";"121";"1"
"8047";"Speciallæge i kardiologi Geert T. Espersen";"2007-01-01";"2500-01-01";"2007-03-21";"161";"2"
"8048";"MR-Klinikken Skørping";"2007-02-01";"2500-01-01";"2007-03-21";"161";"2"
"8054";"Hudlægerne Vesterbro, Ålborg";"2011-04-20";"2500-01-01";"2011-04-12";"161";"2"
"8099";"Anden rekvirent, Region Nordjylland";"2009-01-01";"2500-01-01";"2008-12-18";"140";"9"
"9002";"Tasiilaq Sygehus (Ammassalik)";"1993-01-01";"2500-01-01";"2000-04-04";"104";"1"
"1420";"Ultralyd- og Røntgenklinikken ApS, v/Ajay Chauhan";"2006-01-01";"2500-01-01";"2010-04-16";"161";"2"
"1421";"Røntgen- Ultralyds klinikken";"2008-01-01";"2500-01-01";"2008-01-17";"161";"2"
"1422";"Frederiksberg Sundhedscenter";"2005-10-01";"2500-01-01";"2008-12-18";"161";"2"
"1434";"Nordic Health Chlinic I/S";"2011-01-01";"2500-01-01";"2011-04-15";"161";"2"
"6504";"Regionshospitalet Ringkøbing";"2007-01-01";"2012-07-18";"2012-07-10";"104";"1"
"7028";"BUC i RM, Risskov";"2008-01-01";"2012-08-31";"2012-07-15";"121";"1"
"7055";"Prismet Plastikkirurgisk klinik";"2004-05-01";"2012-09-01";"2012-08-24";"161";"2"
"1383";"City Privathospital ApS";"2008-01-01";"2012-09-30";"2012-09-20";"161";"2"
"6006";"Regionshospitalet Horsens og Brædstrup";"2009-11-21";"2012-09-30";"2012-09-20";"103";"1"
"2529";"Roskilde Øjenklinik";"2009-08-01";"2012-10-31";"2012-10-16";"161";"2"
"8040";"Ortopædkirurgi Nordjylland";"2003-01-01";"2012-11-03";"2012-10-26";"105";"1"
"8050";"Anæstesisektor Nordjylland";"2003-01-01";"2012-11-03";"2012-10-26";"105";"1"
"7016";"Psyk. RM, Risskov/Rand/Silk.";"2009-10-01";"2012-12-06";"2012-11-28";"121";"1"
"7692";"BUC i RM, Viborg";"2008-01-01";"2012-12-06";"2012-11-28";"121";"1"
"7693";"Psykiatrien i RM, Skive";"2008-01-01";"2012-12-06";"2012-11-28";"121";"1"
"1543";"Øjenklinikken v. Allan Berger ApS";"2003-01-01";"2500-01-01";"2003-02-28";"161";"2"
"1548";"Ballerup Privatklinik v. Niels Fisker og Alice Walsted";"2003-01-01";"2500-01-01";"2003-03-31";"161";"2"
"1549";"Charlottenlund Speciallægecenter, Allergi-og Lungeklinikken";"2003-01-01";"2500-01-01";"2011-07-25";"161";"2"
"1550";"Københavns Søvn- og Snorkeklinik";"2003-01-01";"2500-01-01";"2003-03-31";"161";"2"
"1551";"Øjenlæge Klaus Trier";"2003-01-01";"2500-01-01";"2003-03-31";"161";"2"
"1552";"Holte plastikkirurgiske Klinik";"2003-01-01";"2500-01-01";"2003-03-31";"161";"2"
"1553";"Ambulant Ortopædkirurgisk Klinik I/S";"2004-01-01";"2500-01-01";"2004-03-31";"161";"2"
"1560";"MR-CT Danmark ApS";"2006-01-01";"2500-01-01";"2010-03-04";"161";"2"
"1561";"Herlev Privatklinik";"2006-09-01";"2500-01-01";"2006-08-17";"161";"2"
"1565";"Speciallæge Rolf Nielsen";"2007-04-01";"2500-01-01";"2007-04-19";"161";"2"
"1567";"Glostrup Privathospital";"2007-01-01";"2500-01-01";"2007-06-21";"161";"2"
"1568";"Reumatologisk og Idrætsmedicinsk Klinik ApS";"2007-06-01";"2500-01-01";"2007-09-18";"161";"2"
"1379";"Hovedstadens Plastikkirurgi";"2007-06-01";"2500-01-01";"2007-08-17";"161";"2"
"1384";"Lasik-klinikken ApS";"2008-01-01";"2500-01-01";"2008-11-17";"161";"2"
"1385";"Frederiksstadens Røntgen og Ultralydsklinik ApS";"2008-06-01";"2500-01-01";"2008-08-20";"161";"2"
"1370";"Rehabiliterings- og Forskningscentret for Torturofre";"2006-01-01";"2500-01-01";"2005-12-14";"161";"2"
"1380";"Vein Care Clinic";"2008-01-01";"2500-01-01";"2009-10-05";"161";"2"
"1381";"Øjenklinikken Bellahøj";"2007-05-01";"2500-01-01";"2007-08-17";"161";"2"
"1382";"Pilestræde Røntgen, Unilabs a.s";"2008-02-01";"2500-01-01";"2011-02-03";"161";"2"
"1387";"Øjenlæge Henrik Bom Olesen";"2008-07-01";"2500-01-01";"2008-10-20";"161";"2"
"1390";"Ellitsgaards Privatklinik";"2009-01-01";"2500-01-01";"2011-02-07";"161";"2"
"1391";"Præventions- og Rådgivningsklinikken";"2009-01-01";"2500-01-01";"2009-01-19";"161";"2"
"1392";"Hudklinikken Trianglen";"2009-05-01";"2500-01-01";"2009-05-20";"161";"2"
"1393";"Tørholms Ortopædiske Klinik";"2009-07-01";"2500-01-01";"2009-10-08";"161";"2"
"1394";"Center for Psykiatri og Eksistens";"2010-01-25";"2500-01-01";"2010-01-26";"162";"2"
"1395";"Ulrichsens Klinik, Psykiatri&Psykologi";"2010-03-04";"2500-01-01";"2010-03-04";"162";"2"
"1396";"Speciallæge Juergen Schwarzenburg";"2010-04-06";"2500-01-01";"2010-03-26";"162";"2"
"1411";"Aleris-Hamlet Hospitaler";"2012-03-01";"2500-01-01";"2012-02-21";"163";"2"
"1416";"Klinik for øre-,næse- og halssygdomme";"2004-11-01";"2500-01-01";"2004-11-30";"161";"2"
"1417";"Raskovs Kirurgiske Klinik";"2006-01-01";"2500-01-01";"2006-02-17";"161";"2"
"1418";"Sygehusvalg Hamburg GmbH";"2006-01-01";"2500-01-01";"2006-02-17";"161";"2"
"1423";"Speciallæge i medicinske hormonsygdomme Klaus Kølendorf";"2008-01-01";"2500-01-01";"2008-01-17";"161";"2"
"1426";"Solbjerg Klinik Frederiksberg I/S";"2008-07-01";"2500-01-01";"2008-08-20";"161";"2"
"1428";"Speciallæge Thomas Kjær Uhlig";"2007-01-01";"2500-01-01";"2008-08-20";"161";"2"
"1430";"Hejmdal Privathospital A/S";"2007-01-01";"2500-01-01";"2009-02-18";"162";"2"
"1431";"Speciallæge Michael Rolff";"2012-06-02";"2500-01-01";"2012-05-25";"161";"2"
"1433";"Frederiksberg Centeret A/S";"2010-03-01";"2500-01-01";"2010-03-18";"162";"2"
"1501";"Gentofte Hospital";"2007-02-01";"2500-01-01";"2007-02-20";"102";"1"
"1435";"EuroEyes Øjenlaser Center";"2011-01-01";"2500-01-01";"2011-10-14";"161";"2"
"1500";"Region Hovedstadens Psykiatri";"2006-01-01";"2500-01-01";"2008-06-17";"121";"1"
"1507";"Steno Diabetes Center";"1978-01-01";"2500-01-01";"2005-10-17";"161";"2"
"1514";"Kennedy Centret";"2008-12-01";"2500-01-01";"2008-11-17";"141";"3"
"1523";"Privathospitalet Danmark";"1995-10-12";"2500-01-01";"2005-10-17";"161";"2"
"1524";"PTU's Rehabiliteringscenter Rødovre";"2011-10-21";"2500-01-01";"2011-10-17";"161";"2"
"1533";"Speciallæge i hudsygdomme Jørgen Esmann";"2002-01-01";"2500-01-01";"2006-12-18";"161";"2"
"1534";"Øjenkirurgisk Center";"2002-01-01";"2500-01-01";"2002-10-31";"161";"2"
"1540";"Kirurgisk Urologisk Klinik";"2003-01-01";"2500-01-01";"2003-01-28";"161";"2"
"1545";"Øjenlæge Johnny Johansen";"2003-01-01";"2500-01-01";"2003-02-28";"161";"2"
"1546";"Klinik for seksuelle dysfunktioner";"2003-01-01";"2500-01-01";"2003-02-28";"161";"2"
"1556";"Nørmark Privathospital";"2005-01-01";"2500-01-01";"2011-03-28";"161";"2"
"1557";"Lukas Øjenhospital, Øjenlæge Jens Thygesen Hellerup";"2005-01-01";"2500-01-01";"2005-12-14";"161";"2"
"1563";"Ingves Klinik";"2006-06-01";"2500-01-01";"2006-12-18";"161";"2"
"1516";"Herlev Hospital";"2007-02-01";"2500-01-01";"2007-02-20";"101";"1"
"1517";"Center for Rygkirurgi A/S";"2004-11-01";"2500-01-01";"2005-10-17";"161";"2"
"1520";"Gildhøj Privathospital";"2008-06-01";"2500-01-01";"2008-05-21";"161";"2"
"1525";"Sankt Lukas Stiftelsen, Dr. Alexandrines hus";"1999-07-01";"2500-01-01";"2005-10-17";"170";"2"
"1526";"Skodsborg Lægecenter A/S";"2000-07-01";"2500-01-01";"2002-11-28";"161";"2"
"1527";"Copenhagen Eye Clinic";"2002-01-01";"2500-01-01";"2002-09-30";"161";"2"
"1528";"Herlev Privathospital";"2008-01-01";"2500-01-01";"2007-12-17";"161";"2"
"1529";"Kysthospitalet, Skodsborg";"2002-01-01";"2500-01-01";"2006-08-17";"161";"2"
"1531";"Øjenhospitalet Danmark ApS";"2002-01-01";"2500-01-01";"2008-12-18";"161";"2"
"1532";"Hellerup Øjenklinik";"2002-01-01";"2500-01-01";"2002-10-31";"161";"2"
"1536";"Struckmanns Klinik";"2002-01-01";"2500-01-01";"2002-11-28";"161";"2"
"1537";"Øreklinikken i Bagsværd";"2002-01-01";"2500-01-01";"2003-01-28";"161";"2"
"1538";"Københavns Privathospital A/S";"2007-04-01";"2500-01-01";"2007-03-21";"161";"2"
"1541";"Nygart Privathospital A/S";"2003-01-01";"2500-01-01";"2005-08-18";"161";"2"
"2099";"Anden rekvirent, Region Hovedstaden";"2009-01-01";"2500-01-01";"2008-12-18";"140";"9"
"2514";"Allergiklinikken i Roskilde";"2011-07-01";"2500-01-01";"2011-10-06";"161";"2"
"2520";"Kirurgisk Klinik Roskilde ApS";"2002-01-01";"2500-01-01";"2010-04-26";"161";"2"
"2521";"Greve Privathospital";"2002-01-01";"2500-01-01";"2008-10-20";"161";"2"
"2522";"Privatklinikken Nattero";"2002-01-01";"2500-01-01";"2002-09-30";"161";"2"
"2523";"Klinikken for grå stær";"2002-01-01";"2500-01-01";"2002-09-30";"161";"2"
"2524";"Roskilde Privathospital";"2008-06-01";"2500-01-01";"2008-05-21";"161";"2"
"2528";"Kvindeklinikken";"2009-05-01";"2500-01-01";"2009-06-15";"161";"2"
"2529";"Roskilde Øjenklinik v. Jesper Thulesen";"2012-11-01";"2500-01-01";"2012-10-16";"161";"2"
"1309";"Bispebjerg Hospital";"1976-04-01";"2500-01-01";"2000-05-30";"102";"1"
"1336";"Center for Hjerneskade";"1995-11-15";"2500-01-01";"2005-10-17";"161";"2"
"1340";"Memira ApS";"2008-02-01";"2500-01-01";"2008-10-20";"161";"2"
"1341";"City Eye Clinic";"2002-01-01";"2500-01-01";"2002-09-30";"161";"2"
"1342";"Parkens Privathospital";"2002-01-01";"2500-01-01";"2002-09-30";"161";"2"
"1343";"ScanSleep  A/S, Søvnmedicinsk Klinik, Københvn";"2002-01-01";"2500-01-01";"2008-10-20";"161";"2"
"1344";"Urologisk Speciallæge Klinik";"2002-01-01";"2500-01-01";"2005-09-16";"161";"2"
"1345";"Christianshavns Kirurgiske Klinik";"2002-01-01";"2500-01-01";"2003-01-28";"161";"2"
"1349";"Ørelægerne på Banegårdspladsen";"2004-01-01";"2500-01-01";"2004-09-30";"161";"2"
"1350";"Klinik for Medicinsk Genetik, Københavns Universitet";"2005-01-01";"2500-01-01";"2007-09-18";"161";"3"
"1351";"Amager Hospital";"1998-01-01";"2500-01-01";"2005-09-16";"103";"1"
"1354";"Dansk Fertilitetsklinik v. Hans Krog";"2005-10-01";"2500-01-01";"2005-11-17";"161";"2"
"1355";"N'age København";"2007-01-01";"2500-01-01";"2010-12-10";"161";"2"
"1356";"Privatøjenlægen";"2010-11-01";"2500-01-01";"2010-11-09";"161";"2"
"1502";"Glostrup Hospital";"2007-02-01";"2500-01-01";"2007-02-20";"102";"1"
"1386";"Hårklinikken ApS";"2007-01-01";"2500-01-01";"2008-10-20";"161";"2"
"1397";"Sellmer Klinik";"2010-02-10";"2500-01-01";"2010-04-20";"161";"2"
"1398";"Exoro ApS";"2010-01-01";"2500-01-01";"2010-05-25";"161";"2"
"1399";"Østerbrogade Øjenklinik";"2010-05-01";"2500-01-01";"2010-06-30";"161";"2"
"1401";"Frederiksberg Hospital";"1978-01-01";"2500-01-01";"2000-05-30";"102";"1"
"1413";"Øjenklinikken på Speciallægecentret ved Diakonissestiftelsen";"2002-01-01";"2500-01-01";"2002-11-28";"161";"2"
"1414";"Øjenklinikken i haven v. Hans Alrø Jørgensen";"2003-01-01";"2500-01-01";"2003-02-28";"161";"2"
"1415";"Øjenlæge Richardt Hansen";"2004-01-01";"2500-01-01";"2008-08-20";"161";"2"
"2042";"Søvn- og snorkeklinikken i Frederikssund";"2010-01-01";"2500-01-01";"2010-01-06";"161";"2"
"2043";"Aleris Ungplan";"2010-02-01";"2500-01-01";"2010-02-11";"162";"2"
"2044";"Bjerregaard Plastikkirurgisk Klinik";"2010-06-01";"2500-01-01";"2010-06-03";"161";"2"
"2045";"Hørsholmklinikken";"2011-02-01";"2500-01-01";"2011-05-30";"161";"2"
"2046";"Laser Medical ApS";"2011-11-01";"2500-01-01";"2011-10-14";"161";"2"
"2047";"Hudklinikken Johannes Kristensen";"2012-01-01";"2500-01-01";"2012-01-20";"161";"2"
"2030";"Øjenklinikken Profylax";"2006-01-01";"2500-01-01";"2006-02-17";"161";"2"
"2031";"Rungsted Øjenklinik";"2007-06-01";"2500-01-01";"2007-08-17";"161";"2"
"2036";"Kildehøj Privathospital";"2008-09-01";"2500-01-01";"2009-02-18";"162";"2"
"2041";"Speciallæge i Dermato-venerologi, Annette Wolff-Sneedorff";"2009-08-01";"2500-01-01";"2009-08-12";"161";"2"
"3009";"Center for sundhed og træning Skælskør";"2010-06-19";"2500-01-01";"2010-06-11";"150";"2"
"4220";"Privathospitalet H.C. Andersen Klinikken";"1995-10-11";"2500-01-01";"2005-09-16";"161";"2"
"4221";"Øjenoperationsklinikken KAEK A/S";"2002-01-01";"2500-01-01";"2002-09-30";"161";"2"
"4230";"Privatklinikken Bondovej";"2012-02-20";"2500-01-01";"2012-02-10";"161";"2"
"4263";"Odense IVF-Klinik";"2005-09-01";"2500-01-01";"2012-04-26";"161";"2"
"4264";"Gråbrødreklinikken";"2008-02-01";"2500-01-01";"2008-02-15";"161";"2"
"4265";"Ortopædisk Hospital i Odense ApS";"2009-01-01";"2500-01-01";"2010-04-16";"161";"2"
"4280";"Hospice Sydfyn";"2012-09-01";"2500-01-01";"2012-09-24";"170";"2"
"4298";"Medcom Offentlig Testsygehus";"2005-06-01";"2500-01-01";"2005-06-17";"101";"1"
"4299";"Medcom Privat Testsygehus";"2005-06-01";"2500-01-01";"2005-10-17";"140";"9"
"5000";"Sygehus Sønderjylland";"2011-01-01";"2500-01-01";"2012-09-20";"101";"1"
"5004";"Sygehus Sønderjylland, Aabenraa";"2007-05-01";"2500-01-01";"2007-04-19";"103";"1"
"5017";"Hospice Sønderjylland";"2006-06-01";"2500-01-01";"2006-08-17";"170";"2"
"5019";"Syddansk Smerteklinik Haderslev";"2008-02-01";"2500-01-01";"2008-01-17";"161";"2"
"5506";"Psykiatricenter Vest Esbjerg Ribe";"2007-05-01";"2500-01-01";"2007-04-19";"121";"1"
"5511";"Ortopædkirurgisk Center, Varde";"2002-01-01";"2500-01-01";"2005-10-17";"161";"2"
"5513";"Søvnapnøcentret I/S";"2002-01-01";"2500-01-01";"2002-10-31";"161";"2"
"6006";"Hospitalsenheden Horsens";"2012-10-01";"2500-01-01";"2012-09-20";"103";"1"
"6011";"Vejlefjord Neurorehabilitering";"2009-04-24";"2500-01-01";"2009-06-25";"162";"2"
"1569";"Amartro Privathospital og Idrætsklinik";"2008-02-01";"2500-01-01";"2008-01-17";"161";"2"
"1570";"Øjenlægerne Glostrup Centrum";"2008-02-01";"2500-01-01";"2008-03-14";"161";"2"
"1574";"Arthro(Den reumatologiske klinik v.Pierre Schydlowsky)";"2008-06-01";"2500-01-01";"2008-06-17";"161";"2"
"1575";"Hudklinikken i Kastrup";"2007-01-01";"2500-01-01";"2008-08-20";"161";"2"
"1571";"Speciallægeklinikken Centralen, Roskildevej 296,2610 Rødovre";"2008-10-01";"2500-01-01";"2008-09-17";"161";"2"
"1572";"Klinik f. Med. & Kirurg. Øjensygdomme v/Niels Vesti Nielsen";"2008-04-01";"2500-01-01";"2012-01-12";"161";"2"
"1579";"Børne- og Ungdomspsykiatrisk Klinik v/Moltke";"2007-01-01";"2500-01-01";"2009-12-16";"162";"2"
"1580";"Lyngby Plastikkirurgiske Klinik";"2007-01-01";"2500-01-01";"2008-12-18";"161";"2"
"1581";"Hudklinikken i Rødovre";"2007-01-01";"2500-01-01";"2009-09-07";"161";"2"
"1582";"Hudlægerne i Virum";"2009-05-01";"2500-01-01";"2009-10-08";"161";"2"
"1590";"Privatklinikken for børn";"2010-06-01";"2500-01-01";"2010-09-16";"162";"2"
"1591";"Hospice Søndergård";"2010-10-01";"2500-01-01";"2010-10-08";"170";"2"
"1357";"Speciallægeklinik v.Dennis Raahave";"2010-10-01";"2500-01-01";"2010-12-15";"161";"2"
"1358";"Amagerbro Øjenklinik";"2011-01-01";"2500-01-01";"2011-01-12";"161";"2"
"1359";"Lægeklinik Belén Redal";"2011-05-01";"2500-01-01";"2012-05-25";"161";"2"
"1368";"Fertilitetsklinikken Trianglen";"2005-09-01";"2500-01-01";"2005-09-16";"161";"2"
"1301";"Rigshospitalet";"1976-04-01";"2500-01-01";"2002-06-27";"101";"1"
"1330";"Hvidovre Hospital";"1976-04-01";"2500-01-01";"2000-05-30";"101";"1"
"1337";"Diakonissestiftelsens Hospice";"2000-01-01";"2500-01-01";"2005-10-17";"170";"2"
"1338";"Ambulatoriet Stæren";"2001-01-01";"2500-01-01";"2005-10-17";"180";"2"
"1339";"Aareknudeklinikken, København";"2012-03-01";"2500-01-01";"2012-02-24";"161";"2"
"1346";"Øjenlæge Kim Julian";"2003-01-01";"2500-01-01";"2003-03-31";"161";"2"
"1348";"Øjenlægernes Hus ApS";"2004-01-01";"2500-01-01";"2011-10-11";"161";"2"
"1353";"Copenhagen Fertility Center";"2005-09-01";"2500-01-01";"2012-01-25";"161";"2"
"1360";"Retsmedicinsk Institut, København";"2000-01-01";"2500-01-01";"2005-10-17";"139";"3"
"1361";"Tandlægehøjskolen, København";"2000-01-01";"2500-01-01";"2005-10-17";"139";"3"
"1362";"Røntgen-Ultralydsklinikken";"2004-01-01";"2500-01-01";"2003-12-19";"161";"2"
"1366";"Øjenpatologisk Institut";"2005-01-01";"2500-01-01";"2005-10-17";"139";"3"
"1367";"OASIS Behandling og Rådgivning for flygtninge";"2005-01-01";"2500-01-01";"2005-03-17";"161";"2"
"1371";"Den private Smerteklinik(Tværfagligt SmerteTeam";"2006-04-01";"2500-01-01";"2010-11-02";"161";"2"
"1373";"Storkklinik";"2006-01-01";"2500-01-01";"2006-11-17";"161";"2"
"1374";"Snorkeklinikken og Øre-,Næse-og Halsklinikken";"2006-10-01";"2500-01-01";"2006-11-17";"161";"2"
"1375";"Vitanova";"2006-01-01";"2500-01-01";"2006-12-18";"161";"2"
"1376";"Amager Øre-, Næse- og Halsklinik";"2007-02-01";"2500-01-01";"2007-03-21";"161";"2"
"1377";"Røntgenklinikken Nørrevold";"2007-01-01";"2500-01-01";"2007-03-21";"161";"2"
"3011";"Epilepsihospitalet Filadelfia";"1986-01-01";"2500-01-01";"2010-11-03";"161";"2"
"3018";"Sclerosehospitalerne i Danmark";"2011-07-16";"2500-01-01";"2011-07-08";"151";"2"
"3517";"Speciallæge Axel Bomholt";"2004-01-01";"2500-01-01";"2003-12-19";"161";"2"
"4001";"Bornholms Hospital";"2007-09-01";"2500-01-01";"2007-08-17";"103";"1"
"4212";"OUH Svendborg Sygehus";"2008-12-01";"2500-01-01";"2008-12-18";"102";"1"
"2028";"Arresødal Hospice";"2005-11-01";"2500-01-01";"2006-08-17";"170";"2"
"2029";"Plastikkirurgisk Speciallægeklinik";"2006-01-01";"2500-01-01";"2006-02-17";"161";"2"
"5518";"Hud- og Laserklinikken, Esbjerg";"2007-02-01";"2500-01-01";"2009-09-07";"161";"2"
"2017";"Allergi og Lungeklinikken, Helsingør";"2007-03-01";"2500-01-01";"2007-02-20";"161";"2"
"2025";"Speciallæge i kvindesygdomme Henrik Skensved";"2005-02-01";"2500-01-01";"2005-05-17";"161";"2"
"2032";"Hjertelægerne i Hillerød";"2007-11-01";"2500-01-01";"2007-11-20";"161";"2"
"2034";"Ørenæsehalsklinikken i Hørsholm";"2007-11-01";"2500-01-01";"2008-01-17";"161";"2"
"2038";"Klinik for Mave og Tarmsygdomme";"2009-03-01";"2500-01-01";"2009-02-18";"161";"2"
"2039";"Psykologerne i Hillerød";"2009-06-01";"2500-01-01";"2009-05-20";"162";"2"
"2040";"A2 Reumatologi & Idrætsmedicin A/S";"2009-07-01";"2500-01-01";"2009-06-12";"161";"2"
"2512";"Hospice Sjælland";"2006-06-01";"2500-01-01";"2006-08-17";"170";"2"
"2513";"Køge Øjenklinik";"2009-01-01";"2500-01-01";"2009-02-18";"161";"2"
"2525";"Øjenklinikken  Ole Baun";"2003-01-01";"2500-01-01";"2003-01-28";"161";"2"
"2526";"Sydkystens Kirurgiske Klinik";"2006-11-01";"2500-01-01";"2006-12-18";"161";"2"
"2527";"Billesbølles Privatklinik";"2007-08-01";"2500-01-01";"2007-10-17";"161";"2"
"2530";"Sirculus ApS";"2010-03-01";"2500-01-01";"2010-03-04";"162";"2"
"2531";"Ortopædkirurgisk Klinik Køge";"2009-04-01";"2500-01-01";"2010-04-15";"161";"2"
"2532";"Roskilde Øjenklinik v. Jair Nicolini";"2012-05-01";"2500-01-01";"2012-10-16";"161";"2"
"1578";"Amadeus Speciallægecenter";"2008-09-01";"2500-01-01";"2008-10-20";"161";"2"
"1583";"Hudklinikken på Jægersborg Alle";"2009-05-01";"2500-01-01";"2009-05-07";"161";"2"
"1584";"Bagsværd Hudklinik";"2009-05-01";"2500-01-01";"2009-05-12";"161";"2"
"1585";"Scandinavian Eye Surgeons";"2009-07-01";"2500-01-01";"2009-08-12";"161";"2"
"1586";"PPclinic";"2009-10-01";"2500-01-01";"2009-10-05";"162";"2"
"1587";"SagaNordic ApS";"2009-11-01";"2500-01-01";"2010-04-16";"161";"2"
"1592";"Gynækolog, dr. med.Suzan Lenz";"2011-03-01";"2500-01-01";"2011-04-05";"161";"2"
"1593";"Teres Hospitalet København";"2011-01-01";"2500-01-01";"2011-04-15";"161";"2"
"1594";"Svedklinikken, Hidos Denmark ApS";"2011-01-01";"2500-01-01";"2011-05-16";"161";"2"
"1595";"Uroklinik";"2011-04-01";"2500-01-01";"2011-06-20";"161";"2"
"1598";"Neurofysiologisk Klinik - Sjælland";"2011-10-01";"2500-01-01";"2011-11-04";"161";"2"
"1599";"KIApro Smerteklinik";"2011-09-01";"2500-01-01";"2011-11-17";"163";"2"
"1700";"Axess Medica";"2011-12-01";"2500-01-01";"2011-10-06";"162";"2"
"1701";"MR Scanning Parkens Privathospital";"2011-11-01";"2500-01-01";"2012-01-20";"161";"2"
"1702";"Øjenklinikken Kastrup";"2011-08-01";"2500-01-01";"2012-03-23";"161";"2"
"2000";"Hospitalerne i Nordsjælland";"2007-01-01";"2500-01-01";"2008-11-17";"102";"1"
"2010";"Lungeklinikken SIP";"2009-01-01";"2500-01-01";"2009-04-16";"161";"2"
"2018";"Øjenlæge Jens Thygesen";"2002-01-01";"2500-01-01";"2002-11-28";"161";"2"
"2019";"Øjenlæge Tom Christensen";"2003-01-01";"2500-01-01";"2003-03-31";"161";"2"
"2020";"Speciallæge i Øjensygdomme Claus Henrik Nielsen";"2004-10-01";"2500-01-01";"2004-10-29";"161";"2"
"2021";"Øjenlæge Claus engler";"2004-09-01";"2500-01-01";"2004-11-30";"161";"2"
"2023";"Nordsjællands Snorke- og Apnøklinik";"2004-11-01";"2500-01-01";"2004-11-30";"161";"2"
"2026";"Allerød Privathospital & Idrætsklinik";"2005-08-01";"2500-01-01";"2011-08-22";"161";"2"
"6510";"Aleris Privathospitaler";"2010-02-10";"2500-01-01";"2010-02-02";"161";"2"
"6600";"Psykiatrien Region Midtjylland";"2009-01-01";"2500-01-01";"2010-12-03";"121";"1"
"6630";"Hospitalsenhed Midt";"2012-01-01";"2500-01-01";"2012-09-05";"102";"1"
"6650";"Hospitalsenheden Vest";"2010-03-01";"2500-01-01";"2010-12-03";"102";"1"
"7002";"Regionshospitalet Silkeborg";"2007-06-01";"2500-01-01";"2007-05-21";"103";"1"
"7003";"Århus Sygehus";"2004-04-01";"2500-01-01";"2004-03-31";"101";"1"
"7004";"Århus Amtssygehus";"1976-04-01";"2500-01-01";"2000-05-30";"101";"1"
"7005";"Regionshospitalet Randers";"2007-04-01";"2500-01-01";"2007-03-21";"102";"1"
"7018";"Center for sundhed og træning Århus";"2010-06-17";"2500-01-01";"2010-06-15";"150";"2"
"7019";"Egå, Blåkorshjemmet Egåhus";"2009-03-01";"2500-01-01";"2009-02-18";"162";"2"
"7032";"RehabiliteringsCenter for Muskelsvind";"2009-11-20";"2500-01-01";"2009-11-12";"161";"2"
"7040";"Øjenklinikken Finn Eisgart";"2002-01-01";"2500-01-01";"2002-10-31";"161";"2"
"7042";"AROS Privathospital";"2009-03-01";"2500-01-01";"2009-02-18";"161";"2"
"5519";"Speciallæge Hans Ersgaard";"2007-01-01";"2500-01-01";"2007-04-19";"161";"2"
"7069";"OPA Ortopædisk Privathospital Aarhus";"2005-04-01";"2500-01-01";"2009-08-27";"161";"2"
"9012";"Ittoqqortoormiut Sgh.(Scoresb)";"1993-01-01";"2500-01-01";"2000-05-30";"104";"1"
"9013";"Maniitsoq Sygehus/Sundhedscenter";"1993-01-01";"2500-01-01";"2000-04-04";"104";"1"
"9014";"Qaanaaq Sygehus (Thule)";"1993-01-01";"2500-01-01";"2000-05-30";"104";"1"
"9015";"Uummannaq Sygehus";"1993-01-01";"2500-01-01";"2000-05-30";"104";"1"
"9016";"Upernavik Sygehus";"1993-01-01";"2500-01-01";"2000-05-30";"104";"1"
"9018";"Lægeklinikken i Nuuk";"2000-01-01";"2500-01-01";"2000-04-04";"104";"1"
"9088";"Anden rekvirent, Grønland";"2000-01-01";"2500-01-01";"2005-08-18";"140";"9"
"9704";"Landssygehuset, FO-100 Tòrshavn";"2008-01-01";"2500-01-01";"2008-03-14";"999";"1"
"9705";"Klaksvig Sygehus, FO-700 Klaksvig";"2008-01-01";"2500-01-01";"2008-03-14";"999";"1"
"9706";"Suderø sygehus, FO-800 Tvøroyri";"2008-01-01";"2500-01-01";"2008-03-14";"999";"1"
"9999";"Udenlandsk Sygehus";"1980-01-01";"2500-01-01";"2000-05-31";"999";"1"
"7071";"ScanSleep A/S, Søvnmedicinsk Klinik, Århus";"2005-01-01";"2500-01-01";"2008-10-20";"161";"2"
"7075";"Allergi og Lungeklinikken";"2006-01-01";"2500-01-01";"2006-02-17";"161";"2"
"7076";"Øjenlæge Peter Thornval";"2006-01-01";"2500-01-01";"2006-04-18";"161";"2"
"7077";"Mammaklinikken Århus";"2006-06-01";"2500-01-01";"2006-08-17";"161";"2"
"7081";"Kvindeklinik Papirfabrikken v. Britt Ljungström";"2007-04-01";"2500-01-01";"2012-01-25";"161";"2"
"7082";"Hospice Djursland";"2007-11-01";"2500-01-01";"2007-09-18";"170";"2"
"7083";"Speciallægeklinik i Dermato-venerologi, Århus";"2007-10-01";"2500-01-01";"2007-10-17";"161";"2"
"7084";"Randers Øjenklinik";"2007-11-01";"2500-01-01";"2007-10-17";"161";"2"
"7094";"WebXray";"2010-03-03";"2500-01-01";"2010-03-04";"161";"2"
"1596";"Øjenlægernes Lasercenter ApS";"2011-08-01";"2500-01-01";"2011-07-15";"161";"2"
"1597";"Bariatric Center";"2011-06-01";"2500-01-01";"2011-08-29";"161";"2"
"1703";"ASTRA Billeddiagnostik A/S";"2012-05-01";"2500-01-01";"2012-06-22";"161";"2"
"1704";"Amagerbro Ryghospital ApS";"2012-05-01";"2500-01-01";"2012-06-22";"161";"2"
"1705";"Kirurgen.dk";"2012-08-01";"2500-01-01";"2012-09-20";"161";"2"
"2013";"Institutionen Humlegården";"1995-10-10";"2500-01-01";"2005-10-17";"161";"2"
"2014";"Urologisk Specialklinik, Hørsholm";"2004-09-01";"2500-01-01";"2004-10-29";"161";"2"
"5007";"Kong Chr. X's Gigthosp. , Gråsten";"1978-01-01";"2500-01-01";"2005-10-17";"150";"2"
"5008";"Sygehuspsykiatrien i Sønderjylland";"2004-07-01";"2500-01-01";"2004-06-30";"121";"1"
"5010";"Sydgården";"2009-03-01";"2500-01-01";"2009-02-18";"162";"2"
"5012";"Kongevejsklinikken";"2002-01-01";"2500-01-01";"2010-05-21";"161";"2"
"5013";"Privathospitalet Kollund";"2003-01-01";"2500-01-01";"2003-02-28";"161";"2"
"5021";"Egelundklinikken";"2010-10-01";"2500-01-01";"2010-08-23";"161";"2"
"5501";"Sydvestjysk Sygehus";"2005-02-01";"2500-01-01";"2005-01-31";"102";"1"
"5509";"Reumaklinik Danmark ApS";"2007-10-01";"2500-01-01";"2007-10-17";"161";"2"
"5510";"Hjertecenter Varde";"1997-01-01";"2500-01-01";"2005-10-17";"161";"2"
"5516";"Øjenklinikken Jyllandsgade";"2004-07-01";"2500-01-01";"2004-11-30";"161";"2"
"5517";"Hospice Sydvestjylland";"2006-12-01";"2500-01-01";"2006-12-18";"170";"2"
"5520";"Øjenklinikken Vejen";"2007-03-01";"2500-01-01";"2007-11-20";"161";"2"
"5521";"Øjenklinikken Billund";"2007-01-01";"2500-01-01";"2008-10-20";"161";"2"
"6007";"Fredericia og Kolding Sygehuse";"2006-12-01";"2500-01-01";"2006-11-17";"102";"1"
"6008";"Vejle Sygehus";"1976-04-01";"2500-01-01";"2000-05-30";"102";"1"
"6009";"Sct. Maria Hospice Center";"2004-01-01";"2500-01-01";"2009-10-16";"170";"2"
"7052";"Øre-, næse-og halslæge Klaus Juul Jensen";"2004-01-01";"2500-01-01";"2004-03-31";"161";"2"
"7053";"Lungemedicinsk og Allergologisk klinik";"2004-05-01";"2500-01-01";"2005-10-17";"161";"2"
"7056";"Kosmetisk Klinik, Prismet";"2010-07-13";"2500-01-01";"2010-07-05";"161";"2"
"7057";"Aagaard Gynækologiske Klinik";"2004-01-01";"2500-01-01";"2005-06-17";"161";"2"
"7058";"Spec.lægerne Plastikkirurgisk Klinik, Århus";"2004-01-01";"2500-01-01";"2009-09-07";"161";"2"
"7065";"Århus MR-klinik";"2004-09-01";"2500-01-01";"2004-11-30";"161";"2"
"7066";"Århus Lasercenter";"2004-11-01";"2500-01-01";"2004-11-30";"161";"2"
"7072";"Horsens Øjenklinik";"2005-01-01";"2500-01-01";"2005-05-17";"161";"2"
"7073";"Stadionklinikken, Atletion, Århus";"2005-02-01";"2500-01-01";"2005-05-17";"161";"2"
"7074";"Maigaard Fertilitetsklinik";"2005-09-01";"2500-01-01";"2005-09-16";"161";"2"
"7078";"Klinikken Livet ApS";"2006-07-01";"2500-01-01";"2010-03-04";"161";"2"
"7079";"Diers Klinik";"2006-01-01";"2500-01-01";"2012-01-26";"161";"2"
"7087";"Aarhus Hjerteklinik v/Inger Sihm";"2008-04-01";"2500-01-01";"2008-04-21";"161";"2"
"7089";"Misbrugspsykiatrisk Klinik";"2010-03-01";"2500-01-01";"2010-03-01";"162";"2"
"7090";"CT-klinikken A/S Science Center Skejby";"2008-05-01";"2500-01-01";"2010-06-30";"161";"2"
"7091";"Erik la Cour, Speciallæge i kardiologi";"2008-06-01";"2500-01-01";"2008-06-17";"161";"2"
"7092";"Allergi- og lungeklinikken, Århus";"2008-06-01";"2500-01-01";"2008-10-20";"161";"2"
"7093";"Psykiatrisk klinik for Børn & Unge";"2008-11-01";"2500-01-01";"2011-10-11";"162";"2"
"7100";"Speciallægerne Egander Grøn";"2012-05-01";"2500-01-01";"2012-04-27";"162";"2"
"7101";"MR Scanning Aarhus ApS";"2012-10-01";"2500-01-01";"2012-12-04";"161";"2"
"7611";"Viborg Øjenlægecenter";"2006-01-01";"2500-01-01";"2006-04-18";"161";"2"
"6018";"Øre-Næse-Halsklinikken i Horsens";"2004-01-01";"2500-01-01";"2004-03-31";"161";"2"
"6020";"Allévia Tværfagligt Smertecenter ApS";"2009-10-02";"2500-01-01";"2010-03-04";"161";"2"
"3019";"Privathospitalet Valdemar";"2002-01-01";"2500-01-01";"2005-04-14";"161";"2"
"3020";"BUP klinik v/speciallæge i børne- & ungdomspsyk Ingrid Sindø";"2008-09-01";"2500-01-01";"2008-12-18";"162";"2"
"3021";"Privathospitalet Sorana, Sorø";"2008-09-01";"2500-01-01";"2011-12-13";"161";"2"
"3022";"Skovhus Privathospital";"2011-07-06";"2500-01-01";"2011-06-28";"162";"2"
"3023";"Hjertemedicinsk Klinik";"2009-01-01";"2500-01-01";"2009-07-02";"161";"2"
"7095";"Øjenklinikken Skt Clemens";"2010-05-01";"2500-01-01";"2010-05-25";"161";"2"
"7096";"Øjenklinikken Aros";"2011-01-01";"2500-01-01";"2011-06-15";"161";"2"
"7097";"Cutanea Aarhus Hudlægecenter";"2011-08-01";"2500-01-01";"2011-10-26";"161";"2"
"7098";"Aareknudeklinikken, Aarhus";"2011-12-01";"2500-01-01";"2012-02-24";"161";"2"
"7099";"Grymer Privathospital ApS";"2012-01-01";"2500-01-01";"2012-02-10";"161";"2"
"7601";"Regionshospitalet Viborg, Skive";"2010-08-25";"2500-01-01";"2010-08-17";"102";"1"
"7603";"Sygehus Thy - Mors";"2007-07-01";"2500-01-01";"2007-06-21";"103";"1"
"7610";"Viborg Privathospital";"2008-05-01";"2500-01-01";"2008-04-21";"161";"2"
"7695";"Viborg Øjenklinik";"2004-01-01";"2500-01-01";"2003-12-19";"161";"2"
"7697";"Hudklinikken i Thisted/Jydsk lasercenter";"2005-02-01";"2500-01-01";"2005-05-17";"161";"2"
"7698";"MR Scanner Viborg";"2005-09-01";"2500-01-01";"2005-11-17";"161";"2"
"7699";"Anden rekvirent, Region Midtjylland";"2009-01-01";"2500-01-01";"2008-12-18";"140";"9"
"8001";"Aalborg Sygehus";"1976-04-01";"2500-01-01";"2000-05-30";"101";"1"
"7612";"Viborg, Ambulant Kirurgi & Endoskopi";"2006-04-01";"2500-01-01";"2010-01-22";"161";"2"
"7613";"Klinik for Kvindesygdomme og Graviditet";"2006-10-01";"2500-01-01";"2006-12-18";"161";"2"
"7614";"Øjenklinikken Frost";"2006-11-01";"2500-01-01";"2006-12-18";"161";"2"
"7615";"Hospice Limfjord";"2007-06-01";"2500-01-01";"2007-09-18";"170";"2"
"7616";"Skive Øjenklinik";"2008-06-01";"2500-01-01";"2008-06-17";"161";"2"
"7617";"Speciallæge i Øre-Næse-Halssygdomme";"2010-06-01";"2500-01-01";"2010-06-15";"161";"2"
"7618";"Øre-Næse-halsklinikkerne, Thisted/Nykøbing Mors";"2011-05-01";"2500-01-01";"2011-07-12";"161";"2"
"6010";"Privathospitalet Mølholm";"1995-10-11";"2500-01-01";"2007-06-21";"161";"2"
"6013";"Friklinikken Region Syddanmark (Give)";"2011-10-01";"2500-01-01";"2011-11-24";"111";"1"
"6016";"Kirurgisk Klinik, Horsens";"2003-01-01";"2500-01-01";"2003-01-28";"161";"2"
"6017";"Arffmann's Plastikkirurgiske Klinik";"2003-01-01";"2500-01-01";"2003-03-31";"161";"2"
"6021";"Fertilitetsklinik IVF-Syd";"2007-01-01";"2500-01-01";"2008-02-15";"161";"2"
"6022";"Tværfagligt Smertecenter PainCare";"2008-05-01";"2500-01-01";"2008-05-21";"161";"2"
"3899";"Anden rekvirent, Region Sjælland";"2009-01-01";"2500-01-01";"2008-12-18";"140";"9"
"4202";"OUH Odense Universitetshospital";"1976-04-01";"2500-01-01";"2008-12-18";"101";"1"
"4215";"Center for sundhed og træning Middelfart";"2010-06-17";"2500-01-01";"2010-06-09";"150";"2"
"4216";"Middelfart, Ringgården";"2009-03-01";"2500-01-01";"2009-02-18";"162";"2"
"4222";"Privathospitalet Mariahjemmet";"2002-01-01";"2500-01-01";"2002-09-30";"161";"2"
"4224";"Øjenklinik ved Øjenlæge Anders Hansen";"2003-01-01";"2500-01-01";"2003-03-31";"161";"2"
"4225";"Overlæge Siemssen";"2003-01-01";"2500-01-01";"2003-03-31";"161";"2"
"4226";"Speciallæge i plastikkirurgi, Erik Løntoft";"2003-01-01";"2500-01-01";"2003-03-31";"161";"2"
"4227";"Øjenlæge Rune Rask";"2003-01-01";"2500-01-01";"2003-05-28";"161";"2"
"4228";"Ortopædkirurgisk Klinik - Fyn";"2003-01-01";"2500-01-01";"2006-05-17";"161";"2"
"1363";"Osteoporoseklinikken Christianshavn";"2004-01-01";"2500-01-01";"2003-12-19";"161";"2"
"1364";"Røntgen & Ultralyd v/spec.lægerne T. Lorentsen og C. Nolsøe";"2005-01-01";"2500-01-01";"2005-01-31";"161";"2"
"1365";"Angelica Lauritzen`s Speciallægeklinik";"2004-11-01";"2500-01-01";"2005-09-16";"161";"2"
"7026";"Århus Universitetshospital, Skejby";"2007-10-01";"2500-01-01";"2007-09-18";"101";"1"
"7030";"Dan Clinic";"1995-10-11";"2500-01-01";"2005-10-17";"161";"2"
"7033";"Ciconia, Århus Privathospital";"2002-01-01";"2500-01-01";"2002-09-30";"161";"2"
"7034";"Århus øjenklinik";"2002-01-01";"2500-01-01";"2002-09-30";"161";"2"
"7035";"Endoskopiklinikken Århus A/S";"2002-01-01";"2500-01-01";"2010-01-19";"161";"2"
"7039";"Øre-, næse-, halslæge Luisa Grymer";"2002-01-01";"2500-01-01";"2012-02-07";"161";"2"
"7043";"Kirurgisk Klinik Århus";"2002-01-01";"2500-01-01";"2002-10-31";"161";"2"
"7046";"Odder Øjenklinik ved Lene Hansen";"2002-01-01";"2500-01-01";"2002-11-28";"161";"2"
"7047";"Øjenlæge Torben Sørensen";"2002-01-01";"2500-01-01";"2002-11-28";"161";"2"
"7048";"Hospice Søholm";"2002-01-01";"2500-01-01";"2005-10-17";"170";"2"
"7054";"Prismet Kirurgisk klinik";"2004-05-01";"2500-01-01";"2004-03-31";"161";"2"
"3024";"Hudlægeklinikken i Slagelse";"2009-05-01";"2500-01-01";"2009-04-28";"161";"2"
"3025";"Hospicegården Filadelfia";"2009-11-01";"2500-01-01";"2009-11-26";"170";"2"
"3026";"Allergiklinikken i Slagelse";"2011-05-01";"2500-01-01";"2011-08-22";"161";"2"
"3519";"Øjenlæge Jens Højbjerg";"2006-01-01";"2500-01-01";"2006-03-21";"161";"2"
"3520";"Kirurgisk Klinik Møn";"2006-01-01";"2500-01-01";"2006-06-15";"161";"2"
"3521";"Privatklinikken Guldborgsund";"2006-05-01";"2500-01-01";"2006-08-17";"161";"2"
"3522";"Guldborgsund Øjenklinik";"2006-09-01";"2500-01-01";"2006-11-17";"161";"2"
"3523";"Privathospitalet Møn";"2008-04-01";"2500-01-01";"2008-04-21";"161";"2"
"3524";"Hudlægen i Næstved/v. Niels Bech-Thomsen";"2007-01-01";"2500-01-01";"2008-09-17";"161";"2"
"3525";"Øjenkirurgisk Center Sydsjælland";"2008-08-01";"2500-01-01";"2008-10-20";"161";"2"
"3526";"Svanevig Hospice";"2010-01-01";"2500-01-01";"2009-11-26";"170";"2"
"3527";"Ortopædklinikken i Nykøbing F";"2009-05-01";"2500-01-01";"2010-04-21";"161";"2"
"3528";"Børnelæge og Allergiklinik, Birgitte F. Videbæk";"2010-05-01";"2500-01-01";"2010-05-18";"161";"2"
"3529";"Speciallæge i pædiatri Jesper Brandt Andersen";"2011-08-01";"2500-01-01";"2012-01-12";"161";"2"
"3530";"Aareknudeklinikken, Næstved";"2012-02-01";"2500-01-01";"2012-02-24";"161";"2"
"3800";"Region Sjællands Sygehusvæsen";"2007-01-01";"2500-01-01";"2008-06-17";"102";"1"
"5002";"Sygehus Sønderjylland, Haderslev";"2007-05-01";"2500-01-01";"2007-04-19";"103";"1"
"5003";"Sygehus Sønderjylland, Tønder";"2007-05-01";"2500-01-01";"2007-04-19";"104";"1"
"7062";"Århus Gigtklinik";"2004-01-01";"2500-01-01";"2003-12-19";"161";"2"
"7068";"Hud- og Laserklinikken i Randers";"2005-01-01";"2500-01-01";"2005-01-31";"161";"2"
"4234";"Klinik for klinisk Neurofysiologi";"2005-08-01";"2500-01-01";"2005-09-16";"161";"2"
"4235";"TeamRyg.dk";"2008-01-01";"2500-01-01";"2008-02-15";"161";"2"
"4260";"Retsmedicinsk Institut, Odense";"2000-01-01";"2500-01-01";"2005-10-17";"139";"3"
"4261";"Ortopædkirurgisk Klinik Sydfyn";"2004-01-01";"2500-01-01";"2003-12-19";"161";"2"
"4270";"Hospice Fyn";"2004-10-01";"2500-01-01";"2009-12-10";"170";"2"
"4271";"Hjertelungeklinikken";"2006-01-01";"2500-01-01";"2006-04-18";"161";"2"
"4272";"Absalonhus Øjenkirurgisk Klinik";"2007-02-01";"2500-01-01";"2007-03-21";"161";"2"
"4273";"Speciallægeklinikken Privathospitalet Hunderup";"2007-07-01";"2500-01-01";"2007-08-17";"161";"2"
"4274";"Ortopædisk Klinik Odense ApS";"2007-08-01";"2500-01-01";"2007-10-17";"161";"2"
"4275";"Esbjerg Øjenkirurgisk Klinik";"2008-06-01";"2500-01-01";"2011-11-04";"161";"2"
"4277";"Psykiatrisk Privatklinik v. Speciallæge Else Kretzschmar";"2010-03-01";"2500-01-01";"2010-05-06";"162";"2"
"4278";"Aareknudeklinikken, Odense";"2012-02-01";"2500-01-01";"2012-02-24";"161";"2"
"4279";"Privathospitalet Medicon";"2012-06-01";"2500-01-01";"2012-07-11";"161";"2"
"5001";"Sygehus Sønderjylland, Sønderborg";"2007-05-01";"2500-01-01";"2007-04-19";"102";"1"
"9010";"Nanortalik Sygehus";"1993-01-01";"2500-01-01";"2000-05-30";"104";"1"
"9011";"Narsag Sygehus/Sundhedscenter";"1993-01-01";"2500-01-01";"2000-04-04";"104";"1"
"6620";"Aarhus Universitetshospital";"2010-01-01";"2500-01-01";"2011-05-06";"101";"1"
"7010";"Regionshospitalet Hammel Neurocenter";"2007-06-01";"2500-01-01";"2007-05-21";"111";"1"
"7013";"Samsø Syge- og sundhedshus";"1978-01-01";"2500-01-01";"2009-10-13";"105";"1"
"7059";"Røntgenklinikken, Morten Børups Gade";"2004-01-01";"2500-01-01";"2010-01-22";"161";"2"
"7060";"Retsmedicinsk Institut, Århus";"2000-01-01";"2500-01-01";"2005-10-17";"139";"3"
"7061";"Tandlægehøjskolen, Århus";"2000-01-01";"2500-01-01";"2005-10-17";"139";"3"
"6024";"Specialhospitalet Akselholm";"2009-05-01";"2500-01-01";"2009-04-27";"161";"2"
"6026";"Teres hospitalet Fredericia";"2011-01-29";"2500-01-01";"2011-03-18";"161";"2"
"6027";"Østjysk Center for Smertebehandling ApS";"2009-08-01";"2500-01-01";"2010-04-16";"161";"2"
"6030";"Hudlæge Peter Hundevadt Andersen";"2010-01-01";"2500-01-01";"2010-03-26";"161";"2"
"6031";"Øjenklinikken Valdemarsgade";"2011-01-01";"2500-01-01";"2011-01-31";"161";"2"
"6099";"Anden rekvirent, Region Syddanmark";"2009-01-01";"2500-01-01";"2008-12-18";"140";"9"
"6511";"Øjenlæge Peter Jacobsen";"2002-01-01";"2500-01-01";"2002-11-28";"161";"2"
"6513";"Speciallægeklinikken for ortopædisk Kirurgi";"2005-06-01";"2500-01-01";"2005-09-16";"161";"2"
"6514";"Kirurgisk Klinik Vestjylland";"2006-01-01";"2500-01-01";"2006-03-21";"161";"2"
"6515";"Anker Fjord Hospice";"2006-07-01";"2500-01-01";"2006-12-18";"170";"2"
"6517";"JK Øjenkirurgi";"2007-11-01";"2500-01-01";"2007-12-17";"161";"2"
"6518";"Øjenlæge Christian Lahrmann";"2010-06-01";"2500-01-01";"2010-05-31";"161";"2"
"6610";"Præhospitalet";"2011-05-01";"2500-01-01";"2011-05-25";"141";"1"
"8026";"Psykiatrien Nordjylland";"2007-02-01";"2500-01-01";"2010-05-18";"121";"1"
"8034";"Øre-Næse-Halsklinikken Budolfiplads";"2003-01-01";"2500-01-01";"2010-01-22";"161";"2"
"8035";"Speciallæge Poul-Erik Højslet";"2004-01-01";"2500-01-01";"2004-03-31";"161";"2"
"8044";"ARTROS Privathospital";"2006-11-01";"2500-01-01";"2012-01-20";"161";"2"
"8045";"MR Scanning Aalborg A/S";"2006-11-01";"2500-01-01";"2006-12-18";"161";"2"
"8051";"Øjenklinikken i Dronninglund";"2007-02-01";"2500-01-01";"2007-04-19";"161";"2"
"8052";"Ortopædkirurgisk Speciallægepraksis";"2007-05-01";"2500-01-01";"2008-05-21";"161";"2"
"8053";"Hospice Vendsyssel";"2008-04-01";"2500-01-01";"2008-05-21";"170";"2"
"8056";"Øjenlæge Masoud Arani";"2009-09-01";"2500-01-01";"2009-10-05";"161";"2"
"8058";"Lasercenter Nord I/S";"2011-01-01";"2500-01-01";"2011-04-12";"161";"2"
"9001";"Nuuk Sgh. (Dr.Ingrids Hosp.)";"1993-01-01";"2500-01-01";"2000-05-30";"103";"1"
"9003";"Qasigiannguit Sygehus/Sundhedscenter";"1993-01-01";"2500-01-01";"2000-04-04";"104";"1"
"9004";"Aasiaat Sygehus (Egedesminde)";"1993-01-01";"2500-01-01";"2000-05-30";"104";"1"
"9005";"Paamiut Sygehus/Dr. Margrethes Sundhedscenter";"1993-01-01";"2500-01-01";"2000-04-04";"104";"1"
"9006";"Qeqertarsuaq Sygehus/Sundhedscenter";"1993-01-01";"2500-01-01";"2000-04-04";"104";"1"
"9007";"Sisimiut Sygehus/Sundhedscenter";"1993-01-01";"2500-01-01";"2000-04-04";"104";"1"
"9008";"Ilulissat Sgh. (Jakobshavn)";"1993-01-01";"2500-01-01";"2000-05-30";"104";"1"
"9009";"Qaqortoq Sygehus (Julianehåb)";"1993-01-01";"2500-01-01";"2000-05-30";"104";"1"
"4231";"Kirurgisk klinik Svendborg";"2003-01-01";"2500-01-01";"2003-05-28";"161";"2"
